distance,traffic_level,weather,prep_time,is_high_rise,eta
4.807211366744669,Moderate,Rainy,21,1,42.58909356627075
11.433214523714035,Moderate,Rainy,13,0,48.55045494589008
8.917930330831158,Light,Sunny,6,0,21.552419541042834
7.384572568265921,Light,Rainy,29,0,45.09277763252003
2.29421436508802,Light,Sunny,30,0,35.05933452447106
2.29393698386633,Light,Rainy,22,0,31.08138098547525
1.1679615399342937,Moderate,Stormy,13,0,27.7336453960453
10.461025676411754,Moderate,Sunny,10,0,40.4278617281421
7.4128226350469015,Moderate,Rainy,15,0,40.88981694766899
8.642834644654522,Moderate,Sunny,29,0,51.41014006137476
0.7367216844017281,Heavy,Sunny,10,1,17.771228362143887
11.653963299862935,Moderate,Sunny,10,0,43.06515426233498
10.07309036920485,Heavy,Sunny,17,0,70.47296755408982
2.9418997728001757,Light,Sunny,15,1,22.628223214573385
2.590987122881657,Light,Rainy,18,1,32.207062176305534
2.609151863314489,Light,Sunny,6,0,12.156665110145207
3.998785794034684,Moderate,Rainy,12,1,31.428140191177
6.534698963770735,Heavy,Sunny,7,1,44.15736915854428
5.467367714384332,Light,Sunny,27,1,38.336700261339665
3.849135112277482,Heavy,Rainy,25,0,50.1961798247982
7.536308289307364,Light,Sunny,7,1,22.550549919994744
2.104179397498481,Heavy,Sunny,5,0,17.264714161474714
3.859663458155009,Light,Rainy,28,1,44.14809885076366
4.713161197877454,Light,Sunny,23,1,33.53885606032188
5.744804818495913,Moderate,Sunny,22,0,36.198959656603215
9.529523556019656,Light,Sunny,21,1,39.20126914139206
2.796248494821137,Light,Stormy,24,0,41.320135362511074
6.413696041756533,Light,Rainy,28,1,46.98513998781445
7.312767541913488,Heavy,Rainy,17,0,59.52967516373494
1.0341797462799738,Moderate,Rainy,7,0,15.854986629843067
7.486765796866541,Light,Sunny,5,0,20.483682720831943
2.461027422403853,Moderate,Sunny,8,1,19.37884656410868
1.2480933193307144,Moderate,Rainy,29,0,37.92159793803
11.412183678413331,Light,Sunny,17,0,33.9333466798192
11.604768380357433,Moderate,Sunny,21,0,52.466736166465886
9.796569503339303,Light,Sunny,15,1,35.24380004663924
4.003058345493763,Light,Sunny,6,1,16.081103307984822
1.6232293110734144,Moderate,Stormy,29,0,46.26553103671311
8.368679804889805,Light,Sunny,20,0,32.56858534810501
5.561753678005415,Moderate,Sunny,6,0,22.782013067376262
1.9034397007149564,Moderate,Sunny,23,0,30.984918064632158
6.194534466279607,Light,Stormy,27,0,49.370742680874024
0.8954679928250115,Moderate,Sunny,23,1,29.946808404843456
10.957184623905993,Light,Sunny,29,0,45.815128691598865
3.4759697884001945,Heavy,Rainy,20,0,41.13458094475124
8.119006270070793,Moderate,Rainy,26,0,54.179327417271715
4.084677375028226,Heavy,Sunny,23,1,48.2209403861381
6.480782243544825,Moderate,Sunny,13,1,35.03760717361906
6.787168212447716,Light,Sunny,5,1,20.077741515790812
2.625826238543561,Moderate,Sunny,14,0,21.54772439077791
11.650223219292423,Heavy,Sunny,23,0,82.30610008873064
9.414027468652817,Moderate,Sunny,5,0,35.912121871223185
11.304237827988175,Heavy,Sunny,6,0,68.44666713132595
10.790514529917962,Heavy,Sunny,20,1,80.96685355289632
7.375849756327479,Light,Rainy,16,1,36.552086068126606
11.101553702765843,Light,Stormy,12,1,43.21055467198708
1.5176637735970742,Moderate,Rainy,27,1,40.378086069044315
2.75380291782017,Moderate,Sunny,22,0,29.618364580888834
1.0201138224711879,Heavy,Sunny,6,1,13.446991195434764
4.24129880377754,Heavy,Stormy,29,0,64.97561691115258
4.969788831429043,Light,Sunny,17,0,25.859638459477825
3.620513865399803,Light,Sunny,10,1,20.246747284075028
10.030481355247188,Moderate,Sunny,25,0,52.645874438152276
4.602663256976276,Light,Rainy,30,0,41.245817521353395
3.730746861404879,Heavy,Rainy,10,0,34.319347041925155
6.741004956319857,Moderate,Sunny,13,1,36.138033859468436
2.1206285872097705,Moderate,Sunny,20,1,29.04723944045129
9.725265278671456,Light,Stormy,15,0,39.47261268503608
1.3573324023173645,Moderate,Sunny,11,1,18.856251534336916
11.84919977090595,Moderate,Rainy,14,0,51.14012984116417
9.38081484691156,Moderate,Rainy,14,0,44.90091461226123
2.785230337642983,Light,Rainy,29,1,43.23925032972043
0.5635043469214276,Moderate,Sunny,24,1,30.625257288103775
9.877806427230594,Heavy,Sunny,22,1,76.5429141984861
8.628859454247596,Light,Sunny,28,0,42.62108900220324
8.883582432471353,Light,Rainy,24,1,44.77338892194543
9.369608986888377,Light,Stormy,13,1,43.49681875559665
1.351513494942039,Moderate,Sunny,19,1,27.694533989983924
4.622355878259135,Moderate,Sunny,8,0,19.963457232523876
1.8324941845389917,Moderate,Stormy,12,1,31.834914038500546
10.425689397569325,Light,Rainy,13,1,36.76705060602422
7.667928458516916,Light,Rainy,17,0,33.380275537749064
4.305327285805466,Moderate,Sunny,13,0,26.119483498028863
1.2309210282892717,Moderate,Sunny,30,0,33.63509273099258
4.076296699730115,Heavy,Rainy,8,1,37.188186848358576
4.239608203307591,Light,Rainy,21,1,35.99340207606837
8.890471050887736,Moderate,Sunny,20,1,49.08947590849784
7.831910920584951,Moderate,Sunny,19,1,44.18928820472122
10.702946539627755,Moderate,Sunny,7,1,42.851356517303
5.930471639362417,Moderate,Sunny,29,0,45.54643962921573
1.8753338282904695,Moderate,Sunny,24,0,31.24294164101336
8.702315053064442,Heavy,Stormy,9,0,65.11049614084156
9.249028059094321,Light,Sunny,27,0,42.63410869603592
6.954687772049207,Light,Rainy,9,0,25.22524669067236
9.36612256947745,Moderate,Sunny,24,1,53.06614420144513
6.178649358190493,Moderate,Rainy,19,0,43.812534803557185
6.511427537892931,Light,Stormy,22,0,43.32081616476722
5.416721711123321,Light,Sunny,19,0,27.446393504450576
0.7923199575570947,Light,Sunny,6,0,6.908509499718216
1.7407514104230013,Heavy,Sunny,17,1,31.225849079068098
0.8614356353974439,Light,Sunny,8,1,15.429656248623997
7.818719729533474,Light,Rainy,14,1,36.428879191932836
4.115093782377757,Light,Stormy,17,0,37.149683799769974
6.348562948394082,Light,Sunny,14,1,27.444310177891513
10.93701445015007,Light,Sunny,13,1,32.88405983072625
3.366860635212062,Moderate,Sunny,12,1,23.717342304465777
5.219403614909742,Light,Rainy,7,0,22.55181474065182
9.18883809324506,Heavy,Sunny,20,1,71.28072206810357
3.1311789031536583,Light,Sunny,18,1,26.516940715671787
1.3852689630311195,Moderate,Rainy,13,1,27.48516695138912
3.8321417085083325,Heavy,Rainy,25,1,52.84122969412199
2.3540448034210506,Moderate,Sunny,15,0,22.62130031525425
11.19152300193959,Moderate,Rainy,7,1,49.61685367269169
9.793384364990795,Light,Sunny,9,0,25.142799615858205
7.78414319986987,Light,Sunny,14,1,29.645592668626488
10.521796787158754,Moderate,Rainy,17,0,49.32661562698788
9.742228884339816,Heavy,Rainy,8,0,64.52894967870894
2.645555677189412,Moderate,Sunny,28,0,37.03313112965541
10.764428482634745,Moderate,Sunny,17,1,49.88887478830174
6.702435782029983,Moderate,Sunny,16,0,35.46954558614825
9.785561784386719,Moderate,Sunny,9,1,38.68249293811814
10.805049949120173,Light,Sunny,14,1,34.0330111334632
4.157039962176435,Moderate,Sunny,28,0,39.35007504505722
1.7655971320682826,Heavy,Sunny,13,0,23.645590385728855
3.1212543692323296,Light,Rainy,24,0,34.52609785395655
5.411739569201948,Moderate,Rainy,11,1,35.47706613902975
9.907169808108671,Light,Rainy,6,1,34.36491796561868
10.398401707447949,Moderate,Sunny,26,0,55.14339908278398
0.579949501108693,Light,Stormy,28,0,42.108245715890156
6.373593979642006,Moderate,Rainy,27,1,52.328075847743484
5.300226536210959,Moderate,Rainy,11,1,34.489811944930025
3.054239820413398,Light,Rainy,12,1,25.36501493937946
1.8784517243373522,Moderate,Stormy,11,1,32.115048595546384
4.382574471141721,Moderate,Sunny,25,0,37.1954624530639
11.34346159499397,Heavy,Sunny,27,0,84.19112086398735
4.216833718238686,Light,Rainy,18,0,28.114901965129718
6.46609215004871,Light,Rainy,30,0,44.64302964774238
8.584718027294546,Light,Rainy,23,0,41.5553734112283
4.681740427361881,Heavy,Sunny,9,0,32.24779470847639
11.675493951291047,Heavy,Sunny,27,0,86.86017175097848
11.568143891834278,Moderate,Sunny,29,1,65.94016829875346
3.3954964019916876,Heavy,Stormy,22,1,56.636358421290346
6.218357817762433,Moderate,Sunny,24,1,46.56000614801335
3.960100562892851,Moderate,Sunny,16,1,31.345793362969854
3.7756656853408774,Light,Sunny,27,0,34.604468409877306
0.9241998945771271,Moderate,Sunny,21,1,27.215922991215827
7.509989840768814,Light,Rainy,17,0,33.17004510368511
6.280808767131907,Heavy,Rainy,6,1,44.44571239665397
1.0920056393748776,Moderate,Rainy,29,0,39.06904036199197
3.7044343387210317,Moderate,Sunny,17,1,32.82003063404341
10.945057688616517,Light,Rainy,30,0,51.20770582626051
3.254961742670183,Light,Sunny,11,0,16.43319320304783
2.1662910290490656,Light,Rainy,14,1,25.865596968139695
6.128706743191975,Light,Sunny,27,0,37.20799126167393
11.834980222271907,Light,Sunny,10,1,34.02888507875581
3.283635622382255,Heavy,Rainy,7,1,31.30675156292552
8.229558795167604,Moderate,Stormy,30,1,68.63547374988472
9.258625576280252,Light,Sunny,7,1,26.44402961135346
3.232831755912596,Light,Rainy,22,1,36.26867212048082
8.874488009036385,Moderate,Sunny,15,0,39.887642345530345
4.729506026271412,Moderate,Sunny,26,1,42.79769347058371
7.771517051826164,Moderate,Sunny,24,1,48.913218163415294
7.7855916737502895,Heavy,Sunny,9,1,52.52550686814682
6.661408866859722,Moderate,Sunny,23,0,42.556435610297946
1.5383323556256956,Heavy,Sunny,26,1,38.671955032481
10.105978699276237,Heavy,Sunny,23,1,78.6547161820896
4.188970747174962,Light,Stormy,19,1,40.261166154839664
2.6449628695983236,Heavy,Sunny,20,0,33.9520331195624
0.968914127879785,Light,Rainy,28,0,36.29390550448606
7.295268846664781,Heavy,Sunny,13,0,50.805851560314416
8.291990161186249,Light,Rainy,8,1,30.099997301697332
0.6907600326703458,Heavy,Sunny,19,1,28.74794236498618
6.389070170441731,Heavy,Sunny,29,0,63.23951972823514
3.1047014147762866,Heavy,Sunny,16,0,32.740853468172226
7.9194870897086735,Moderate,Sunny,27,0,48.396456746635174
2.5052139335574015,Light,Sunny,7,0,9.05395846826676
8.44578398817836,Light,Rainy,27,1,48.49354402050398
4.947456482456181,Moderate,Rainy,18,1,40.23527261786747
11.272394870472446,Light,Rainy,21,0,43.6226148078757
2.081490857678922,Moderate,Rainy,23,1,37.84123063729767
4.422263037077973,Light,Sunny,10,0,17.047673713955483
1.8049454942667742,Heavy,Sunny,8,1,19.81752636059732
11.133976610203472,Moderate,Sunny,11,0,40.45373042178711
10.589402563881281,Heavy,Sunny,23,0,77.84723996276222
3.4663287187242897,Light,Sunny,21,0,28.70742098609567
8.089816529393058,Heavy,Sunny,29,1,74.17514992439538
9.898055302313981,Heavy,Sunny,20,1,74.71400979723659
6.884809333393817,Moderate,Sunny,19,1,42.628374797112485
6.590981651094075,Moderate,Rainy,26,0,48.5892976226881
3.2813013453551942,Moderate,Rainy,12,0,27.029449595023156
1.5706818297678409,Light,Sunny,23,0,25.521291728533534
10.817981216463258,Moderate,Stormy,12,1,57.92429484995401
10.8548076573783,Light,Stormy,22,0,50.78232607457648
7.780666758642582,Light,Sunny,20,1,36.002611946426754
4.398842597060058,Light,Sunny,24,1,34.05173474234789
4.5159101080456,Light,Sunny,23,1,34.70994291519645
8.848490307007753,Light,Stormy,14,0,41.82653896332218
10.816767989454636,Light,Rainy,21,0,41.56823420938647
10.701493879048849,Heavy,Sunny,17,0,71.59577014275867
9.468568777362675,Moderate,Sunny,17,1,46.72862904640555
7.883363930774309,Heavy,Sunny,11,1,56.01856042309833
1.4676095974430616,Moderate,Sunny,14,0,18.314943051960217
2.358730212088058,Light,Sunny,6,0,7.563541215264064
10.833373168061412,Moderate,Rainy,8,1,49.85933289918511
7.473934186085284,Moderate,Rainy,29,1,58.991692370849286
0.605766093591241,Light,Rainy,10,0,15.129355644284724
1.6669227429593692,Moderate,Rainy,28,1,41.29310724963318
8.130270344742641,Light,Rainy,22,0,41.27577172595673
0.5582082142315149,Moderate,Sunny,27,0,30.921466104029065
2.349292591301235,Moderate,Rainy,10,1,26.640772463714207
6.810438577715741,Light,Sunny,29,1,43.1309191179508
8.456794773465973,Light,Rainy,27,1,48.76077189260351
7.997554484279906,Moderate,Sunny,21,0,42.98261803337283
3.0790970587964375,Moderate,Rainy,18,1,36.75705601849143
8.690061045496662,Light,Sunny,28,0,40.63784549902009
3.2283645062132007,Heavy,Sunny,15,0,31.465157456430326
4.242096528831579,Light,Sunny,30,1,41.618893588353494
9.084651158857278,Moderate,Sunny,23,0,47.93911760387165
7.970778339042969,Heavy,Rainy,6,1,58.70313738971163
10.266069220683047,Light,Rainy,7,1,33.46705392265877
8.062548261453948,Light,Sunny,15,0,27.55529113615486
7.035548938357923,Light,Sunny,10,0,20.208777486391458
1.5772598300230634,Light,Sunny,18,0,21.27861683665678
4.728731735183485,Light,Sunny,23,0,29.330826761665417
3.5498272283398427,Moderate,Sunny,30,1,43.383910461862214
3.3058808988594612,Light,Rainy,20,1,32.824214629429505
11.689621379653124,Moderate,Sunny,25,0,57.5545236754755
5.020623833667745,Heavy,Sunny,26,0,53.02053346144508
10.758535384536803,Heavy,Sunny,28,1,84.99275560758115
7.758094198968523,Moderate,Sunny,11,1,37.31525443077748
9.640329990728956,Light,Sunny,12,0,29.37949031306955
6.280326570709709,Moderate,Rainy,23,0,45.62606853340998
7.13439467320313,Moderate,Sunny,24,1,46.69368767703161
6.163953478916935,Moderate,Sunny,20,0,40.09716777534375
2.7452943596775117,Light,Sunny,26,0,29.634255379633107
8.808199325507312,Heavy,Sunny,11,1,59.91343106742594
3.7288821680698416,Moderate,Sunny,13,1,27.52387119633631
0.7796336139617192,Light,Stormy,17,1,35.96782002455729
7.92293140293243,Light,Rainy,5,1,28.87477434216462
2.536772813181063,Moderate,Sunny,12,1,22.698446331009556
11.315273720058514,Heavy,Sunny,28,0,85.07779517870696
11.470178635529756,Moderate,Sunny,26,0,56.93944977755242
11.020940487535158,Moderate,Sunny,8,0,39.66845839418143
4.756825052937611,Light,Rainy,7,0,19.897653396014842
0.6777510900819754,Moderate,Rainy,7,1,17.725066697955928
11.175663469758842,Moderate,Sunny,26,1,58.50971376687359
5.424117705649115,Light,Sunny,17,1,30.56587528450963
11.6165304190022,Light,Sunny,12,1,32.73013127993413
11.581629736526407,Moderate,Rainy,11,0,46.42573024651975
10.30960873787464,Light,Rainy,5,0,30.574801836411595
3.8861622588002356,Moderate,Sunny,20,1,34.82783992920028
4.92862387892214,Light,Sunny,10,1,19.85075166006885
10.288071722443854,Light,Rainy,11,1,35.64647094744491
4.144603059297193,Light,Sunny,16,1,25.421070836697695
2.4491665868900636,Heavy,Sunny,27,1,45.55482840711671
6.903214518271027,Heavy,Sunny,13,1,52.8161616841627
11.265779902848982,Heavy,Rainy,15,0,77.37963072024955
8.50434266176219,Moderate,Sunny,14,1,40.20629685673483
7.055703456027697,Light,Sunny,25,1,39.55524526911626
1.6175296783638382,Moderate,Rainy,5,0,15.883069092463822
7.572583107040452,Moderate,Sunny,22,1,46.46612527400159
11.885619276199028,Heavy,Sunny,8,0,72.09655685005731
2.1109661752200264,Light,Sunny,9,1,16.598161583134733
6.460791002182972,Moderate,Sunny,13,0,30.452629314526092
10.589790327171487,Light,Rainy,21,1,45.4060921442839
9.01883910417335,Light,Sunny,7,0,20.55942141111104
8.515681021445582,Moderate,Sunny,20,1,47.95512412746871
8.578566965851756,Moderate,Sunny,9,0,32.9462145701704
4.634148239027184,Light,Rainy,20,0,31.899717620165713
3.876306209041674,Light,Rainy,7,0,20.48061592237525
9.807653288002907,Moderate,Sunny,24,1,54.479221160720066
9.816304038810578,Moderate,Sunny,19,0,44.87889909048473
10.471331663671192,Heavy,Rainy,7,0,69.6847274034976
11.00226635439942,Heavy,Sunny,24,1,84.34947064268233
6.3804375869007846,Moderate,Rainy,18,1,44.73893521490229
6.2674373889027954,Light,Rainy,20,1,38.09935423536843
9.680394558117914,Moderate,Rainy,21,0,53.006737357209325
7.974585203944299,Moderate,Sunny,28,1,53.291146648191855
8.572619088463588,Light,Sunny,24,0,37.90051293903341
9.651615698515162,Heavy,Rainy,27,0,79.73919866650579
10.735061430902013,Light,Sunny,22,1,41.52461499751971
4.386944303792662,Heavy,Sunny,22,1,50.33235438892322
4.819203955359356,Moderate,Rainy,26,1,47.455630986748396
1.5807923081699935,Moderate,Rainy,18,0,27.569453396075595
7.150221621456001,Moderate,Sunny,22,0,41.428623742193864
0.913336148662534,Heavy,Sunny,19,0,23.388408053370526
5.8543772085232915,Moderate,Sunny,19,1,36.747275054273246
6.740413299137131,Moderate,Rainy,10,0,33.56410471119841
3.795224399475271,Light,Stormy,19,0,37.60098255932605
7.294582496543624,Moderate,Sunny,22,0,42.20519272233652
0.8507528742990684,Light,Sunny,8,1,13.580205577042772
0.9295041706159658,Moderate,Rainy,27,0,35.49693188127654
9.95990644758607,Moderate,Sunny,12,1,43.81699449317799
4.642192376229524,Moderate,Sunny,19,0,32.064941687316725
1.961195895496675,Light,Stormy,7,1,25.750039512427943
6.5057974906302505,Light,Sunny,19,0,29.087222901619477
9.354925860634024,Moderate,Rainy,17,1,51.7763510318306
2.9819418162136966,Light,Sunny,13,1,23.20602309389097
7.6632404719185025,Light,Sunny,6,0,18.763633393435228
1.481495847428332,Light,Rainy,28,1,39.73228780732568
1.0943397934389885,Heavy,Sunny,12,0,18.85383000086846
6.610578263033702,Moderate,Stormy,24,1,56.959348607680155
6.717303898516225,Light,Sunny,21,1,35.19333478107628
7.830443867229375,Light,Sunny,17,0,27.810165311468204
8.850050337810607,Light,Sunny,5,0,20.471070507006058
11.722298913819149,Moderate,Sunny,6,0,43.56702249764119
6.437454005463746,Moderate,Sunny,19,0,36.611003833093505
4.213999438824329,Light,Sunny,16,0,23.270439599528252
9.644641239840093,Light,Sunny,18,0,32.87038840836138
3.6145708895138533,Light,Sunny,29,0,34.22858203223615
5.548171338114815,Moderate,Rainy,6,1,30.101918030658773
1.4022483854360586,Moderate,Rainy,22,0,30.46883443253634
0.7915335492777613,Light,Rainy,26,0,34.53078066896138
11.570456768796138,Light,Sunny,11,1,30.91312590025077
10.113771385890367,Light,Sunny,27,0,42.36804552471355
8.503703370077528,Heavy,Rainy,29,0,76.81639339714349
5.202958860764103,Light,Sunny,10,0,19.062681932861103
2.4928846808147265,Moderate,Sunny,18,1,28.749784186069377
2.2990259907174897,Moderate,Rainy,12,1,27.050761895872963
3.3777933288928463,Light,Rainy,26,0,37.717223938657256
6.816106644120385,Light,Sunny,6,1,20.888086537566476
8.717853111050717,Light,Sunny,21,1,38.570352925849
8.092269832253908,Moderate,Rainy,9,1,38.88226642063285
3.7192398148783425,Moderate,Sunny,18,1,30.913976167351315
11.480950727626732,Moderate,Rainy,29,1,68.91691788297472
8.985814542001338,Moderate,Rainy,28,0,57.4037040353888
6.875071603881108,Light,Rainy,24,0,40.526537782042745
7.534788581695051,Heavy,Sunny,25,0,63.89542599908051
5.325400717919584,Moderate,Sunny,25,1,43.764133234542335
3.348906379263311,Light,Rainy,26,1,38.699042656197925
4.593685804489509,Heavy,Rainy,7,1,41.540613394241376
9.215230270340244,Moderate,Rainy,9,1,42.66396592866621
0.6655251192421925,Moderate,Sunny,20,0,23.454573285138586
1.8348353658295367,Moderate,Sunny,22,1,30.50787369557035
1.0290303832501566,Heavy,Rainy,30,1,44.99432303379813
0.9683812266681566,Moderate,Rainy,21,1,31.75368167487919
10.337796716126583,Light,Stormy,15,1,46.838495109481954
8.592065382870272,Light,Rainy,21,1,42.516600066947355
5.95299903450424,Heavy,Sunny,20,0,51.03230563783694
1.625092847486517,Light,Rainy,30,1,42.53810773051068
6.153582563843572,Light,Rainy,27,0,40.62861858071446
5.944925363976505,Moderate,Sunny,6,1,25.510111230285176
2.4918215039651743,Moderate,Rainy,8,1,24.535733051554825
5.48929396623669,Moderate,Sunny,25,0,42.58995754541161
5.082804445569795,Heavy,Sunny,11,1,40.97925207101028
7.5822761276004895,Light,Rainy,6,0,24.788598824165106
7.803576984977903,Light,Sunny,10,0,22.1301793885097
1.020996112378512,Light,Sunny,21,0,25.412479996581357
4.808045068204419,Heavy,Sunny,11,1,37.98532547678502
7.697389030713718,Moderate,Sunny,29,1,53.91572808575358
6.286066973671009,Light,Sunny,9,1,20.92639240852419
10.349633173665707,Heavy,Sunny,9,0,60.59122747145753
8.074976763617869,Heavy,Stormy,24,1,81.49534494175188
2.3737459114364414,Heavy,Sunny,20,1,36.603177189787125
1.3115405951049433,Heavy,Sunny,23,0,30.325327661586712
7.88782169937263,Light,Sunny,13,0,25.252269157056833
0.8048800712286508,Moderate,Rainy,9,0,20.223182822114897
7.236419184644828,Moderate,Sunny,12,1,35.34597150943091
11.312647776387012,Heavy,Rainy,13,1,80.02586915424062
7.117953045572608,Moderate,Rainy,9,1,36.6420312206978
4.963954151375002,Moderate,Rainy,14,0,33.4000715346706
7.897814512087061,Moderate,Sunny,29,1,54.11199663685422
5.769908240652441,Light,Rainy,6,0,19.898149383809784
6.774593077133252,Moderate,Sunny,13,0,33.70382425583211
11.326845300930039,Heavy,Stormy,15,1,89.76448527987172
4.940180334708904,Heavy,Rainy,8,0,39.0352555343321
11.553691483975014,Light,Sunny,26,1,44.833103800980055
10.911532382494734,Light,Sunny,26,0,42.35159740753984
2.7515980500769093,Light,Sunny,26,1,37.165328756515834
1.2976549600644027,Moderate,Rainy,6,0,15.195147427930316
1.6589470158404065,Heavy,Sunny,27,1,40.9643105318893
0.7095509949928218,Light,Sunny,10,0,13.463695834742264
1.5860940486931765,Moderate,Sunny,18,0,23.406252204405963
8.354577894288104,Heavy,Rainy,5,1,58.78564573386047
1.3186694572926334,Moderate,Rainy,22,0,29.04597503546966
4.168219748378255,Moderate,Rainy,11,1,32.18826334432755
10.216066076148728,Moderate,Rainy,5,1,45.463081871311864
0.7676272609619974,Moderate,Sunny,5,0,8.202686420827364
9.866387549772762,Light,Sunny,5,0,23.429509779865267
3.741329909894099,Moderate,Rainy,28,1,47.111873421650216
1.858895517649047,Moderate,Sunny,8,1,17.441203221494536
8.512477401687732,Heavy,Sunny,8,1,55.843457991170695
7.7328427379686655,Moderate,Sunny,22,1,45.79988264088486
10.590928155561109,Moderate,Sunny,15,1,48.65696127944268
8.953317003744687,Light,Sunny,5,0,21.891066024255274
9.740030699425759,Moderate,Rainy,14,1,47.53921158603076
3.7433975845700247,Light,Sunny,13,1,22.781469101817372
2.5405547534668123,Light,Sunny,27,0,31.692774154018668
9.13206964386987,Moderate,Sunny,8,0,34.03604015110329
9.778599501573536,Heavy,Rainy,10,0,66.6462738916157
11.890809133007743,Light,Sunny,20,0,37.88631631479529
5.245103284481404,Moderate,Rainy,6,1,29.227453046662138
4.778207986617007,Heavy,Rainy,27,0,55.97898387131663
9.428749048532964,Light,Sunny,22,0,37.397952132775366
4.419240712909705,Moderate,Stormy,14,0,38.851104546159725
11.203709244440994,Moderate,Stormy,28,1,73.65776467803006
10.371746646194635,Moderate,Rainy,28,1,62.97673645248837
5.433431314812711,Light,Rainy,21,0,36.268553288385384
9.13501727960222,Light,Sunny,17,0,29.92674491817114
9.177243051973846,Moderate,Sunny,28,1,56.13664364784125
1.685924491613225,Moderate,Sunny,22,1,31.309185168934913
10.879358426815017,Light,Sunny,26,0,41.46971820599694
6.310402283150357,Moderate,Stormy,17,0,45.1659522492638
10.004260860239029,Light,Sunny,21,0,34.28218805604354
4.180570411852035,Moderate,Rainy,9,0,26.757702840195005
10.798517127706305,Light,Rainy,15,1,39.50467841917076
4.975819305442876,Heavy,Rainy,11,1,48.50539939190542
0.6246329920234311,Light,Stormy,14,0,26.905116442882868
10.911892728821533,Light,Sunny,21,1,40.29167450607408
1.549796783040536,Light,Sunny,19,0,21.66631439729297
4.172106832289771,Light,Sunny,22,1,32.75096849363576
11.425712621084257,Heavy,Sunny,27,1,88.61538827147935
11.431982189781895,Heavy,Sunny,26,0,85.22952245050325
7.09453571341779,Light,Sunny,23,0,33.23754303733297
7.766127939952692,Moderate,Rainy,30,1,58.62098604301153
5.657123502750677,Moderate,Sunny,6,0,20.13659130785268
3.871923874527742,Heavy,Sunny,30,0,48.29092215968263
4.2796422717540334,Moderate,Rainy,8,1,28.280186577955593
8.23396224488594,Light,Sunny,7,1,23.960529075333035
9.15230708853332,Moderate,Sunny,11,0,35.53065368624478
9.603159002847258,Moderate,Rainy,28,1,64.09574556470393
9.58060864213737,Light,Rainy,22,0,43.02410665428595
1.5488701850599393,Moderate,Rainy,14,1,27.254214301113738
6.185833504079687,Light,Sunny,11,1,22.613679132682787
1.1619257401914092,Moderate,Rainy,12,1,24.000778846050267
6.819582146722959,Light,Rainy,10,0,25.220376897363998
5.577600765793836,Moderate,Sunny,26,1,44.567731059417675
10.708598101720447,Moderate,Rainy,30,1,67.07298008464373
4.535522644348905,Moderate,Rainy,5,0,22.3203168853563
1.8462706889174674,Light,Sunny,8,0,11.272088176143393
2.1444043436076123,Moderate,Sunny,18,0,24.025686368308538
9.25737226475093,Moderate,Stormy,21,0,58.64778528756805
7.609507728137002,Moderate,Rainy,24,1,53.94946911818655
1.6629107754120878,Moderate,Sunny,22,0,26.47943935990542
1.4672282703224706,Moderate,Rainy,15,0,26.144547959658354
8.56114501177988,Heavy,Sunny,25,1,71.66810855752998
1.3367745731882255,Light,Sunny,30,0,31.307154771575707
9.951390681839097,Heavy,Sunny,18,1,73.0357871078341
8.621785612299707,Moderate,Stormy,13,0,47.94410588205688
1.4355109773818473,Light,Stormy,19,1,37.888427278187244
1.475633711979707,Light,Sunny,16,1,20.22124394415025
11.846355152763518,Light,Sunny,14,1,36.95120736146254
4.8041141511953835,Moderate,Sunny,23,0,37.35515476719621
4.762384691269245,Moderate,Stormy,28,1,55.5722190357878
9.84719502346128,Moderate,Stormy,23,0,60.517817738091495
11.393358639914375,Moderate,Rainy,10,0,48.68835700778928
11.839012233963015,Moderate,Rainy,24,0,60.5176123941644
9.163849130477828,Light,Rainy,28,1,49.86175789915544
4.826985233605531,Light,Sunny,10,0,15.684806642242682
1.4602582420346908,Moderate,Sunny,12,1,20.00430355337003
9.437189533165522,Light,Sunny,5,0,23.421535264761502
6.921648871961758,Light,Rainy,26,0,42.68266747239442
5.378553106340227,Moderate,Rainy,21,1,43.30030177255373
10.923075428589463,Moderate,Sunny,21,0,49.31663233923557
1.7787710465207405,Heavy,Stormy,28,1,53.91596870924101
6.16518869934488,Heavy,Sunny,19,0,52.07928111592526
0.6305669148253192,Moderate,Sunny,11,1,15.593544304020957
5.889597382932452,Moderate,Rainy,23,1,49.13005117724142
1.1474876703411296,Moderate,Rainy,26,0,35.06690929118741
1.866406037082827,Moderate,Rainy,29,0,41.01911727697331
1.8515518379367062,Light,Sunny,27,1,34.096014285111245
7.965918474334731,Moderate,Sunny,7,1,30.65502859011708
9.079516111552367,Heavy,Rainy,26,0,77.60879381990789
7.2087407986173355,Light,Sunny,15,0,27.440730568680234
11.564984307457232,Moderate,Sunny,24,1,58.13781255260338
4.811011664522597,Moderate,Rainy,23,1,44.8131058254322
3.7856889922413983,Light,Sunny,13,0,19.275258645276637
10.488889974178793,Light,Rainy,14,0,32.20448768294898
3.0713521429737054,Light,Rainy,6,0,18.094094661319613
11.57705920356703,Light,Sunny,5,1,31.3835664086637
0.6397764589328879,Light,Sunny,20,0,22.427013533336158
11.653606507137848,Heavy,Rainy,22,1,90.14747565982654
0.9963389874316253,Light,Rainy,27,0,35.6923471982609
10.748145807527818,Moderate,Rainy,30,0,64.78116105430152
6.568562754492448,Light,Rainy,21,1,39.72380609494815
11.919095155371954,Heavy,Rainy,10,1,80.12105583971245
1.348660494457087,Light,Stormy,18,1,37.23992181340034
6.869324270615189,Moderate,Sunny,27,0,44.26157477046949
11.646979159619638,Heavy,Sunny,29,1,92.84666538475888
6.515625207956711,Heavy,Sunny,19,1,55.239706296546956
7.738084338555519,Light,Sunny,18,0,31.395125109476588
8.501109923323098,Heavy,Sunny,28,0,72.0068935562111
5.727222244829392,Moderate,Sunny,26,0,42.7639904941997
7.716917920966729,Moderate,Stormy,7,0,40.862893329304946
7.219614587115653,Light,Sunny,28,1,41.143867910305545
10.863317120646373,Light,Sunny,27,0,42.782447490335436
1.0226333739267655,Moderate,Sunny,23,1,30.87214144477804
3.7310766803106485,Moderate,Sunny,29,1,43.51669825337996
11.429732066880426,Moderate,Sunny,16,1,51.85548256186999
10.738033514745538,Moderate,Sunny,6,1,43.560195216121116
5.740052657035699,Moderate,Sunny,7,0,22.187037123871587
7.631524874717672,Light,Rainy,22,0,38.19333168187281
3.689883604283026,Moderate,Rainy,5,0,20.844210105830427
2.663393336823255,Light,Rainy,24,1,35.02124233902538
5.8325316568097945,Moderate,Rainy,25,0,48.07132545960084
4.563550622299608,Moderate,Sunny,10,1,26.98952037924852
7.212045286285029,Heavy,Rainy,9,0,52.57574283992542
1.3939483250973257,Light,Rainy,5,0,11.42668164733098
11.705540288160915,Light,Sunny,23,0,42.100543175306974
11.841423561515434,Light,Rainy,5,1,40.15091545866479
8.528859711227069,Light,Sunny,25,1,40.46067962878966
6.665108212957384,Light,Rainy,25,0,41.3691576215624
4.059567587292769,Heavy,Stormy,20,1,56.961330584642845
9.85864272662991,Light,Sunny,16,0,29.652011678098827
8.374408484369612,Light,Rainy,26,1,48.05203218934411
2.37009480246625,Moderate,Rainy,12,1,28.590653483348248
10.975662621679188,Moderate,Stormy,30,0,71.37462276856421
9.959178293616443,Moderate,Sunny,20,1,51.95814721540263
11.422699002857126,Light,Rainy,5,0,31.747714200067907
8.84577434646614,Moderate,Sunny,8,1,34.85003150082846
7.554274753261583,Light,Sunny,14,0,26.01475304028543
5.309794917342117,Light,Sunny,15,1,27.17148995894492
11.226377558571153,Heavy,Stormy,21,0,89.86436940677451
10.459734729254697,Light,Rainy,29,1,54.37161244609865
1.0200147062211782,Moderate,Rainy,27,1,39.723733138639865
0.803220206718398,Moderate,Stormy,11,1,30.478640416670586
4.82932871909757,Light,Sunny,16,1,27.331096920148234
9.821363303991077,Heavy,Sunny,25,1,79.60225132009337
11.853675487121862,Light,Sunny,11,0,29.003170866062476
2.229794247690574,Moderate,Sunny,16,0,24.94047550398971
7.332503226549554,Heavy,Sunny,19,0,56.14327049168777
4.880244851256747,Moderate,Sunny,6,1,25.489143836776126
11.654015574867937,Heavy,Sunny,18,0,77.7711264444238
10.18436761606065,Light,Sunny,17,1,34.78997847755859
10.140780104178086,Moderate,Sunny,8,1,42.37488772552971
5.889971337642158,Light,Sunny,18,0,27.607460114599665
5.2704242768831495,Moderate,Stormy,18,0,45.765044189351755
3.6441813272031216,Heavy,Rainy,20,0,45.59052980764632
1.1483182114856618,Light,Stormy,11,0,25.991533778684378
10.444307326933112,Moderate,Sunny,23,0,50.980730498290605
9.848361604995892,Light,Sunny,6,0,25.611781229659393
11.996753242790502,Moderate,Rainy,14,1,55.17218406842152
11.961323626349913,Moderate,Sunny,22,1,58.76375219217219
6.887464614430216,Heavy,Sunny,21,0,54.55909108293682
9.34335527457587,Moderate,Sunny,9,0,35.11343964189015
11.364805893647922,Light,Sunny,16,0,32.72673466170798
10.270944992790232,Light,Sunny,10,1,30.943470426796463
3.344503170046773,Light,Sunny,26,1,35.93917191275645
5.681257556066075,Light,Rainy,13,0,27.42086862658444
1.9853332742421923,Light,Sunny,24,0,28.34518990825898
11.471586813475307,Heavy,Sunny,5,1,72.33108002797513
7.47100829618512,Moderate,Rainy,26,1,56.84671859245677
3.1293922632898212,Moderate,Sunny,19,0,30.252965993502038
8.224557870667352,Light,Sunny,25,1,41.73627684430921
7.608474765265802,Heavy,Rainy,30,0,75.93711638551328
4.618871257377665,Moderate,Sunny,10,0,22.624671920804502
1.8059123102957337,Light,Sunny,23,1,29.303400160600876
8.223091749317195,Moderate,Sunny,22,1,48.249886966926326
6.483538560393623,Moderate,Sunny,10,0,28.551482837807065
9.381661504959853,Light,Sunny,17,1,34.615605885899065
6.481880262787924,Moderate,Rainy,5,0,29.872537136405015
10.30008725366321,Moderate,Sunny,27,1,58.99861983174429
6.8469286459065835,Light,Sunny,27,0,36.86127047481442
6.9507866726569425,Heavy,Sunny,30,1,70.05075784764273
10.581516430570968,Heavy,Sunny,17,1,75.69437105259921
5.140052961442566,Moderate,Rainy,11,0,30.741209135798766
2.0411751271823686,Moderate,Sunny,19,1,30.041350439023148
0.8310007776033982,Moderate,Sunny,16,1,21.476438259376017
9.18407844024662,Moderate,Sunny,30,1,59.21391750438292
7.6335598405648435,Moderate,Sunny,5,0,27.310534719636664
8.596917333141072,Light,Sunny,19,1,34.76547960149006
2.9490878573524735,Moderate,Rainy,8,1,24.65466110967274
2.0682719692478524,Heavy,Sunny,17,0,27.48203054143493
0.6672636551806421,Moderate,Sunny,27,1,32.713580230935754
4.5317569262758655,Light,Sunny,29,0,36.311579663126054
7.284053398828281,Moderate,Rainy,9,0,35.06705545923805
5.0108065186469215,Light,Sunny,6,1,17.394402348145864
5.5309616032728846,Light,Rainy,27,1,42.87895900194336
10.897824986678106,Light,Rainy,30,1,56.33293582731163
4.504937870767954,Light,Rainy,5,0,16.650020400290813
6.410879125337824,Moderate,Sunny,20,1,41.36600046378723
9.512009646523145,Moderate,Sunny,27,0,53.55824197376182
5.060241996694607,Light,Rainy,10,0,23.486358893643022
7.653997052620545,Heavy,Stormy,27,0,79.67032469272901
10.41718265058757,Heavy,Rainy,20,1,82.48160370235409
11.419487172062885,Heavy,Sunny,18,1,79.19290576749982
2.1913450306839364,Light,Sunny,30,1,39.83409901817653
11.155757689357186,Moderate,Sunny,7,1,44.8550611450241
6.159337370414689,Heavy,Rainy,19,0,55.89572012026852
3.469810465438021,Moderate,Sunny,7,1,21.624225051811948
5.780061196740005,Light,Sunny,27,0,36.57273906923567
11.770374615782986,Light,Rainy,6,0,34.64812727081849
6.165108080918,Moderate,Sunny,5,0,25.686573089905487
4.280643518306345,Heavy,Rainy,13,1,43.799321904008934
7.784109824642346,Moderate,Sunny,13,1,37.73228904303839
3.2616746159492203,Moderate,Sunny,27,1,40.22739949811841
1.3724282732496351,Light,Sunny,11,0,15.047812649060512
1.9821168019724662,Moderate,Rainy,7,0,16.726254327016914
1.9725271480143831,Heavy,Sunny,30,1,42.47598093451598
2.246880975391385,Light,Sunny,22,0,25.648393333943446
2.0965124854682164,Moderate,Stormy,15,1,35.400870002576795
7.870059565236968,Heavy,Sunny,11,1,54.74026886126868
2.5916209705901654,Light,Sunny,13,0,18.23443389377913
4.475173758224427,Moderate,Sunny,5,1,20.423709858160223
10.813066713919136,Light,Sunny,18,1,36.64398949126221
5.950558863023032,Moderate,Rainy,24,0,45.77881256009615
8.176913992991812,Moderate,Sunny,10,1,36.94959642611356
2.481678518818743,Moderate,Sunny,11,0,16.85665785116487
2.711323716299714,Moderate,Sunny,14,1,26.47812700933723
0.9699890870645069,Light,Rainy,11,1,22.714090489111214
2.4427532253298923,Heavy,Sunny,30,1,47.76556135781928
3.7037888988675243,Moderate,Sunny,6,1,21.49648290788195
2.5356205691825884,Light,Sunny,8,0,14.853307544282542
1.5200791382061396,Moderate,Sunny,25,1,33.156916876245155
1.8873125176569094,Moderate,Sunny,21,0,27.092076626692098
5.798955832376347,Light,Sunny,5,1,18.001055564455207
2.872837761666614,Heavy,Rainy,14,1,37.98107916355554
4.689103402052868,Heavy,Sunny,23,0,49.16595450198277
6.289298614830854,Light,Stormy,19,0,39.71157552142576
8.4395405292377,Heavy,Stormy,14,1,72.17423459519243
0.9520896081726378,Light,Sunny,23,1,30.24818997227316
9.69321958745399,Light,Sunny,16,0,31.978272712835835
7.720854479145439,Light,Sunny,28,0,39.75489880315235
1.440228867412027,Heavy,Rainy,20,0,34.11315549287733
10.546154177227939,Moderate,Sunny,13,1,45.68306287037379
11.090032606115852,Light,Sunny,19,0,37.469921561807816
1.2023965383309332,Moderate,Sunny,21,1,28.748836455020434
3.6840929536928426,Moderate,Rainy,18,0,34.75163751162169
9.771314717620205,Light,Rainy,22,1,48.212705103865716
9.104986439412071,Heavy,Sunny,30,0,77.4872308096843
2.6219917225983393,Heavy,Rainy,6,1,28.764166447690474
2.9075172183721687,Moderate,Sunny,8,0,17.398292441723505
4.760429182100893,Heavy,Sunny,22,1,50.12728221958462
6.072014329696746,Moderate,Rainy,11,0,35.418085535924135
7.6099298725984035,Heavy,Sunny,17,1,60.03411759559193
4.742506855052382,Moderate,Sunny,19,1,35.747284777112775
5.819149235531201,Moderate,Sunny,29,0,44.526864976782335
9.0959157885382,Light,Rainy,27,1,50.695338927101446
0.9218568332418758,Heavy,Rainy,26,1,41.0133458523668
3.4030248599562385,Moderate,Rainy,30,0,44.486631258870375
8.703520237672354,Light,Rainy,5,0,27.46489991553607
10.794878633402792,Light,Sunny,15,0,30.036069263887164
6.38429058433016,Moderate,Sunny,14,1,35.53949771770478
6.61930508055113,Moderate,Sunny,29,1,51.42772176473168
1.7324781304074246,Moderate,Sunny,9,0,16.281072073834824
5.645242218469728,Heavy,Sunny,20,1,52.181201978358736
6.625098564232767,Light,Stormy,15,1,39.76178930369286
3.288410791799391,Moderate,Sunny,25,1,37.28597652942535
3.596297155917881,Light,Sunny,10,1,18.342099404206827
4.8387678757031605,Heavy,Sunny,13,1,43.22404745130291
0.7308187744438532,Heavy,Sunny,17,1,26.731965918221054
4.2039104042065505,Moderate,Stormy,28,0,52.41854004505412
2.9316520804602635,Moderate,Sunny,12,1,25.460856438100244
4.266219550046019,Light,Sunny,18,0,25.277314532646503
1.877264515921389,Moderate,Rainy,28,0,38.860866674331696
10.741063728508792,Heavy,Sunny,5,0,65.113344751999
7.32631321587156,Moderate,Sunny,21,1,44.53107589852335
8.30967667016163,Light,Sunny,28,1,42.918132848723715
9.57546924398439,Moderate,Sunny,9,0,35.73594404195114
6.232085287684159,Heavy,Stormy,29,0,73.36937593971412
1.4995833130053724,Light,Rainy,6,0,14.904760694805613
6.676725230913299,Light,Sunny,29,1,43.208007828953754
7.24867285724011,Moderate,Rainy,28,0,52.9737926415448
9.072553953119796,Heavy,Sunny,13,1,62.35447889371614
5.464084781641313,Light,Sunny,8,0,16.940435322385255
1.9671734821489832,Light,Sunny,21,0,25.570967045110695
3.7634229166853315,Light,Sunny,21,0,26.275990008943015
4.675446408584303,Light,Sunny,25,0,32.82011658204213
7.928048275313414,Moderate,Rainy,22,1,52.66309039835689
7.063950503692487,Moderate,Stormy,20,0,50.9307645461299
4.595112347825232,Moderate,Sunny,12,0,24.54324029335061
11.844925361119266,Moderate,Sunny,30,0,62.50121380212107
7.466410422604202,Light,Sunny,15,0,25.618209990257427
3.2281081049639364,Heavy,Sunny,25,0,42.61958856426763
1.670498435134643,Moderate,Sunny,25,0,29.514761495096263
2.2578801006198184,Heavy,Sunny,22,1,38.942569400157105
3.3285138764218436,Moderate,Rainy,27,1,47.62510437914197
2.34783579248489,Light,Sunny,28,0,31.520126739476424
2.645520776590016,Moderate,Sunny,14,0,22.51838271257232
3.7785944399792415,Light,Sunny,17,1,26.214434088688087
2.4937963458896806,Moderate,Sunny,21,0,29.624576526946548
10.81280238320389,Light,Sunny,22,0,37.30517702272839
1.4226880751088853,Light,Rainy,14,0,22.529257586584507
6.531880980057929,Heavy,Sunny,20,0,53.04769117260261
5.219563510381107,Light,Rainy,24,1,40.80918686585042
11.797354094448973,Heavy,Sunny,9,0,70.75309929154655
1.788447374932602,Light,Sunny,17,1,24.8977146907987
5.075339389026029,Moderate,Sunny,22,0,35.56191563258913
11.648909982666742,Moderate,Rainy,21,0,58.30508661357202
10.453331947780773,Moderate,Sunny,13,1,44.75269831387891
9.89632881591672,Light,Rainy,18,0,38.136241123121216
3.465882511016808,Light,Sunny,21,1,30.638626723264334
2.465207254985757,Light,Rainy,8,0,16.78807377552064
8.189397029130957,Light,Sunny,22,1,38.50309883548947
11.187823874967236,Moderate,Rainy,24,0,61.06618959426792
6.902773269660193,Heavy,Sunny,28,1,66.51188249325465
7.073545928903848,Heavy,Stormy,28,0,77.82248162494923
3.719759577093268,Moderate,Sunny,19,1,34.818262917014
9.349168731707275,Moderate,Sunny,15,0,39.86565046267916
2.6510031084115186,Moderate,Sunny,16,1,26.04359360111586
4.222311218648802,Light,Rainy,13,0,25.382089055026036
5.392519044088793,Heavy,Sunny,17,1,48.13088845944064
6.337519354871233,Moderate,Rainy,19,0,43.599654316023056
3.287711922773423,Moderate,Sunny,19,0,28.71436701662167
1.8206234845008407,Light,Sunny,9,0,11.819498409646032
7.5221304880787745,Moderate,Sunny,27,0,46.711264977516265
3.8192513622629414,Moderate,Stormy,23,0,47.172728555465
7.1842395463600415,Heavy,Rainy,30,1,75.1373833395704
2.2751712256533265,Moderate,Stormy,24,1,46.550280835185205
6.033111171330401,Light,Sunny,30,0,40.64348283182826
6.624778474343238,Heavy,Rainy,29,1,71.40462515875909
1.0959706734579093,Light,Rainy,30,1,41.03226894103923
4.370949199230086,Moderate,Sunny,30,0,42.522737476144904
2.045768784798204,Light,Rainy,18,1,31.129231561625506
1.2288121604368292,Moderate,Stormy,21,1,41.33480843906355
11.88454267248437,Heavy,Rainy,22,1,91.17798133806639
4.207069217209314,Light,Rainy,25,0,37.12182873427793
9.813556127328301,Heavy,Sunny,7,1,63.00955775244631
3.4283675297832845,Light,Sunny,6,0,10.459236835968486
8.337281305575186,Heavy,Stormy,5,0,63.28128869084924
9.242620388731396,Moderate,Sunny,14,0,41.29270958708395
7.349845516990209,Heavy,Rainy,23,1,68.6595022649396
5.923126168326821,Light,Rainy,21,1,38.25627197278792
5.2361705126935885,Heavy,Rainy,16,1,51.019571612331944
4.5119850652444455,Moderate,Stormy,5,1,34.136232350968456
11.189585158849997,Light,Sunny,16,0,33.561488082940436
10.052123189558886,Heavy,Sunny,21,0,72.50416318296033
11.597809472664895,Light,Sunny,28,0,44.78282657899849
1.9294180700837644,Heavy,Sunny,7,0,17.816643864862098
8.90497596484191,Light,Sunny,15,1,30.758543262036543
11.290915253441936,Moderate,Sunny,21,1,55.4514428359442
2.5841802609050917,Moderate,Rainy,27,0,40.69376027487738
1.2647070747179412,Light,Stormy,30,0,43.56997905096016
9.022887466835678,Light,Sunny,7,0,21.122411643575965
7.106440801568986,Light,Sunny,12,0,24.8127126459542
10.181030932720128,Moderate,Stormy,24,1,66.76616202287656
2.107382331202329,Light,Sunny,8,1,16.670578402875176
9.645574086388738,Moderate,Sunny,25,1,54.810317922868435
2.818714180549062,Light,Sunny,26,0,30.89699360304932
2.382043342955602,Light,Sunny,11,0,15.868555113352713
2.389056676206419,Moderate,Sunny,18,0,24.4231107684385
9.867609282660894,Light,Stormy,18,1,48.841854510527334
8.1497680380063,Heavy,Sunny,8,1,53.19334149672765
6.515252384844873,Heavy,Sunny,20,0,52.51637857621313
4.626550567420279,Moderate,Sunny,28,1,45.05157557271594
10.587806219350746,Moderate,Sunny,26,0,54.68850061220805
5.013118735360307,Heavy,Rainy,5,1,39.60909359777124
9.890893553923137,Light,Rainy,21,1,43.53272577423515
5.550051448557512,Light,Rainy,29,1,48.08347445368562
4.834860938386437,Light,Sunny,14,1,26.338913937662586
5.820817535200474,Moderate,Stormy,26,0,55.33111417710123
3.9658455528876337,Light,Rainy,20,0,31.40537289371651
9.097507872026888,Moderate,Rainy,20,0,48.288237892647565
6.281284486063511,Heavy,Sunny,30,0,64.61059119224961
3.170445994188399,Heavy,Sunny,12,1,32.417950302703666
10.845107592657538,Moderate,Sunny,11,1,43.382284248595845
4.914749045791932,Light,Rainy,10,0,23.49404020042349
6.750857902810869,Heavy,Sunny,20,1,59.691444618170074
10.92442927609229,Moderate,Sunny,24,0,53.81744273279818
7.678736953010909,Light,Rainy,20,0,38.335956380275086
1.8443274681461868,Light,Rainy,11,0,20.738831492647375
11.308069421554963,Heavy,Stormy,13,0,81.91628869723496
7.7186426103213055,Moderate,Sunny,18,0,38.70342638558876
4.351414568556491,Heavy,Rainy,15,0,43.88866658880448
2.1016288356289534,Heavy,Sunny,30,0,38.87959676775948
9.631289676608404,Moderate,Sunny,30,1,59.777149053081196
7.630836693177906,Moderate,Sunny,18,0,37.714577668365
6.6348025577276974,Moderate,Sunny,11,0,29.039324950967597
10.779764705086013,Light,Sunny,5,0,26.57261520317723
9.568867929082103,Moderate,Rainy,30,1,64.40356695486923
2.2442611169266384,Moderate,Sunny,29,0,35.372588096573715
4.084803779648805,Moderate,Rainy,17,1,36.18673832864403
3.357625107866356,Heavy,Sunny,24,1,47.71434181046512
9.055382364585785,Moderate,Sunny,7,1,38.96683851667018
0.8856229994614628,Moderate,Sunny,24,1,29.67597889832198
7.05373137602014,Moderate,Sunny,8,0,29.203967583996736
9.268274886017942,Moderate,Sunny,30,0,55.068780208614506
10.582804822760119,Moderate,Sunny,15,0,44.06779220541842
4.433940110232935,Light,Sunny,6,1,16.821599798838513
9.944459003728149,Moderate,Sunny,18,0,44.59362312858835
1.7722649749848831,Light,Sunny,16,0,20.535913907584376
10.23420135494696,Light,Stormy,21,1,52.36313648170027
1.9661196168177977,Moderate,Sunny,16,0,21.714004365179743
5.068803841444224,Moderate,Rainy,30,1,51.577052697612274
9.668896706464867,Heavy,Rainy,16,1,73.33764438686381
2.2240504145108986,Moderate,Stormy,5,0,22.230112978706675
3.136391045175377,Moderate,Rainy,17,0,31.292295907678163
8.805904536520263,Moderate,Sunny,18,0,41.050922384129095
8.780420170279855,Moderate,Rainy,28,1,60.41474873702028
7.873197778180919,Light,Rainy,6,1,29.76577652124458
8.480407111371651,Light,Sunny,16,1,33.911085813296765
6.741331098497356,Light,Sunny,30,1,44.175239887733575
3.395689177429957,Moderate,Sunny,25,1,38.37753470227194
4.475503925295074,Light,Rainy,20,0,34.32460020184592
2.5883737432163954,Light,Rainy,8,0,18.24801431059032
10.947181455336725,Light,Sunny,12,1,31.936134835808364
7.2090056398103854,Heavy,Sunny,6,0,42.82801572174186
5.109791292781859,Light,Sunny,14,0,22.751972679770617
5.813066741907526,Moderate,Sunny,13,1,33.67581997121873
11.393758405535877,Light,Stormy,27,0,55.77536057945802
2.263541135834922,Moderate,Sunny,19,1,29.766951353742225
7.241643068193168,Light,Sunny,17,1,31.564392723283135
6.3177198071713585,Light,Sunny,27,0,36.91348412312775
7.53172370749845,Moderate,Rainy,21,1,47.89592853023357
0.7082671139396659,Light,Sunny,20,0,21.798123240356983
10.529424952857742,Light,Rainy,6,0,32.23998918926663
11.219360248561543,Light,Sunny,24,0,40.52447620236206
6.999031611275903,Light,Sunny,24,0,35.13113188845262
8.511484474584261,Light,Sunny,18,0,30.500586936709418
11.1087428835389,Light,Sunny,7,0,28.021424596786133
8.633244294604085,Heavy,Sunny,27,0,71.29502804726842
2.2541989935140054,Moderate,Stormy,16,0,34.01184380219497
7.127316141918351,Moderate,Rainy,12,1,41.64866608232958
7.477223033402843,Light,Stormy,6,1,35.37426729369904
5.377502719977439,Heavy,Sunny,8,0,35.49770694475812
8.969108709684313,Light,Stormy,18,0,44.413304851363186
11.24522066984367,Light,Sunny,20,0,37.73052976739526
11.144037898427928,Moderate,Sunny,23,0,54.062561286860905
5.684652771147519,Light,Sunny,6,1,16.99164409445735
1.8022375271686855,Light,Sunny,16,1,24.101828580155534
11.825673788066847,Moderate,Rainy,18,0,54.65007983757074
10.147327994128242,Heavy,Sunny,10,0,61.78470515696507
1.9336208338375687,Moderate,Sunny,17,0,25.74264075359138
11.08968165009978,Moderate,Rainy,8,1,49.72472732108022
10.503808163714476,Heavy,Sunny,26,0,79.5528706696738
6.466637656949829,Light,Sunny,22,1,33.606663853251845
7.299667511066686,Light,Sunny,16,1,32.401285349882386
5.088531094506498,Light,Rainy,24,0,35.982275105280756
1.1297588464533603,Moderate,Rainy,26,1,37.47912445113737
4.35476827892786,Moderate,Sunny,25,1,40.6652359572817
9.732814658877132,Heavy,Sunny,23,1,77.96979767244103
0.5532682645529329,Moderate,Sunny,12,0,15.233868205085502
4.335240474448158,Moderate,Rainy,11,0,28.28719734270288
5.078939976295848,Light,Sunny,20,1,32.12196562950484
6.680049433786113,Heavy,Sunny,23,1,60.56706345341091
11.078339588746745,Heavy,Sunny,10,1,71.10969122204581
4.482978935208554,Heavy,Sunny,24,1,51.167550578229246
4.489961821806618,Light,Sunny,25,1,36.93431491908289
8.981264353262107,Moderate,Rainy,15,1,49.17771601505092
5.700506320232782,Light,Sunny,9,0,18.70270648334085
3.0829554638097925,Light,Sunny,20,1,28.577108310339998
5.703054435525974,Light,Rainy,11,1,29.454220681547525
2.1198557343676985,Moderate,Rainy,9,1,24.00445067252768
2.528450344821568,Moderate,Sunny,15,1,25.093194541615805
6.231229386504017,Light,Sunny,19,0,28.569682524654848
5.317642669302301,Light,Sunny,7,1,19.241932427579638
11.02072786228315,Moderate,Stormy,30,1,76.50493734009225
4.667529839841281,Light,Sunny,9,0,16.537714797214292
7.1767660281975,Light,Stormy,27,0,49.12534436936479
7.771039311074599,Moderate,Rainy,25,0,51.57228546453376
0.6505862507658369,Moderate,Sunny,9,0,11.831003742078362
8.130679778192171,Light,Sunny,13,0,25.89401650949948
2.5474136190021412,Light,Sunny,19,0,24.588147127317516
11.552308650898734,Light,Sunny,7,1,33.24446400224686
2.209621369160799,Heavy,Sunny,10,1,25.042280828188762
5.268177422860773,Moderate,Rainy,21,1,43.79184493830349
1.4815211829044044,Moderate,Stormy,30,1,49.371017211912154
11.964053896228394,Light,Sunny,25,0,43.92705328084936
6.27524261880929,Moderate,Rainy,12,0,36.01546062199424
7.346927699180504,Light,Sunny,25,1,39.764493958911004
1.271379489966916,Moderate,Sunny,29,0,33.11501128878766
9.124545409590544,Heavy,Sunny,15,1,66.95449142123532
2.913914320599236,Moderate,Rainy,10,1,27.69829165959699
10.827624328568207,Heavy,Stormy,12,1,83.50746232078481
2.8591058655430825,Moderate,Rainy,14,1,29.857122979060012
2.692908787632166,Light,Sunny,28,0,33.556516723469734
0.9203211802530911,Heavy,Sunny,7,0,11.709282407965821
5.9287698687649915,Light,Sunny,27,1,38.90340842508663
6.995673032520089,Moderate,Sunny,18,0,37.12180522908632
1.2556493534260522,Light,Rainy,27,1,37.722342345484826
9.418567591992622,Light,Rainy,18,0,37.341137638084334
5.712821599602318,Moderate,Rainy,14,1,37.14086738842521
6.53048809726717,Light,Sunny,16,1,30.862719166532397
5.568771589789623,Moderate,Sunny,10,1,30.32924329156104
5.1087752000662485,Moderate,Sunny,16,0,28.53982405403408
6.935863810044506,Light,Sunny,27,0,38.966101692130636
2.285262828203194,Light,Sunny,18,1,24.980249842790975
2.592173500695618,Moderate,Rainy,6,0,19.70031357881922
10.410534641655449,Light,Rainy,13,1,37.422723391317426
11.380327814536777,Moderate,Sunny,14,1,48.57284099445809
4.793057137217159,Moderate,Sunny,30,1,46.968573192832075
3.6135637411508683,Heavy,Sunny,21,1,44.924490459633866
7.905994747248681,Moderate,Sunny,21,0,41.63223812021149
5.200442967628109,Moderate,Rainy,7,1,30.83700977327322
0.7919430900939659,Moderate,Sunny,23,1,30.692059922737624
2.295754869711189,Light,Sunny,5,0,10.022227092924522
8.733680631745072,Light,Sunny,16,1,35.40119902403632
8.07762533196674,Moderate,Rainy,11,0,37.79598411366749
0.8116039137900601,Moderate,Sunny,8,0,12.09993915499929
3.0526798622289184,Moderate,Sunny,14,0,22.952984200942925
3.157360160762821,Heavy,Sunny,17,1,38.646501286597285
8.226766551385378,Heavy,Rainy,6,0,55.35291031259091
0.7266711841751878,Heavy,Stormy,14,1,33.77454698638048
1.6972486928225992,Moderate,Sunny,25,1,35.28680875292329
9.699034981791678,Light,Rainy,26,0,45.475048434761085
2.5532636136248366,Moderate,Stormy,29,0,47.32789018106901
8.00658024029656,Light,Stormy,8,1,35.51262866285322
3.239101982037355,Moderate,Rainy,22,0,37.17026217916715
1.6435760167324693,Moderate,Rainy,9,1,24.231079435760808
3.296480196493722,Moderate,Sunny,23,0,32.81383709403994
8.80606971634008,Light,Rainy,6,0,28.452764386450216
10.340509383222287,Light,Sunny,16,1,34.0321585903625
10.047528442520404,Moderate,Rainy,21,0,53.08221162343597
5.06761059061223,Light,Sunny,14,0,22.008784133327513
8.182979070562432,Heavy,Rainy,6,0,54.98331499590207
2.857319397281941,Light,Rainy,10,0,20.198634320336193
3.8711988980016523,Light,Sunny,12,1,22.76543737051457
10.807861912992877,Light,Rainy,23,1,47.61851431653925
0.6495221203734645,Moderate,Sunny,15,0,17.85376708473907
1.483348104826383,Moderate,Rainy,29,1,42.370916106417596
2.8906919341793142,Light,Sunny,16,1,23.73670648132706
0.8051203445489268,Light,Sunny,13,0,15.04570660706902
2.586507503532669,Moderate,Stormy,6,0,25.68472027942913
7.20497795115146,Light,Sunny,12,1,26.710087684655058
5.346382331813726,Moderate,Rainy,30,1,53.64620881256968
10.765724677385212,Moderate,Sunny,15,1,47.99718668891035
9.90060095999207,Light,Sunny,25,1,43.324570203281255
4.430899544525573,Light,Sunny,8,0,16.65321007808809
3.4833694844598635,Heavy,Sunny,14,1,34.88670157247469
4.86646269392357,Moderate,Sunny,25,1,41.62649140348832
7.288391838920289,Moderate,Sunny,24,1,50.52131807897312
3.582731869463077,Light,Sunny,20,0,25.1211425370376
7.677712440265041,Moderate,Sunny,12,0,31.915406167589946
5.208234000199265,Light,Stormy,8,0,29.234333705288158
6.848542579797773,Moderate,Stormy,14,1,46.50303255689225
5.515455085056142,Heavy,Sunny,16,0,44.562619718710515
3.886356234732053,Light,Rainy,18,0,31.742177903090646
11.407213030064803,Light,Sunny,20,0,35.881450841139916
9.28146663283725,Light,Rainy,26,0,43.38334746554692
2.1113015213142043,Light,Rainy,22,1,33.04109298873476
10.487381722825997,Light,Stormy,25,1,57.50018924921641
6.105458779869407,Light,Sunny,26,1,40.416637362997754
10.78735060928205,Moderate,Rainy,25,0,58.96601681152611
9.698335443394125,Moderate,Sunny,16,1,46.78681797456156
5.389955301396185,Light,Stormy,22,0,44.151790961522494
0.75839704568135,Heavy,Sunny,11,0,17.60966752466383
3.58978963292688,Light,Rainy,24,0,34.92296179023486
6.72879346859997,Heavy,Rainy,28,0,65.61164736407386
7.784999528000694,Light,Rainy,27,0,43.38952039791132
3.4657083824818264,Heavy,Sunny,11,1,32.54036605277315
2.1025948518374777,Moderate,Stormy,13,1,34.79191161227255
10.10169772319194,Heavy,Sunny,5,1,64.92232693814292
11.820625078090849,Heavy,Rainy,30,0,96.69484499150853
6.545437096480887,Light,Sunny,10,0,21.69985784562006
2.4743117872554903,Heavy,Sunny,10,0,23.298857753842885
3.6315342549727427,Light,Sunny,26,1,36.82789420321257
0.7114927802958675,Light,Sunny,16,1,21.882210970257137
11.014436275445739,Light,Sunny,26,1,46.425294209504436
1.854137453236623,Moderate,Sunny,16,0,22.80146703365465
7.129939468413916,Light,Sunny,14,1,28.83936488275396
3.651635037902869,Moderate,Rainy,27,0,44.69812767716134
6.873047028931624,Moderate,Rainy,30,1,56.20643298958493
7.991334466046439,Moderate,Sunny,10,1,35.08195209127058
10.042030742632818,Heavy,Sunny,21,1,75.98531604591545
2.873844625246937,Moderate,Sunny,23,1,35.52640250110991
0.6264520295725255,Light,Sunny,22,0,25.170051409687527
2.0741847457912836,Light,Rainy,10,1,22.462427466703293
10.850214381253208,Light,Rainy,28,1,51.702079059498416
10.549735891968925,Light,Sunny,23,0,40.034133580890256
7.3702506749585455,Light,Sunny,14,0,26.36811973808227
7.405943894987014,Light,Sunny,28,0,37.72270054940189
8.147921757281939,Heavy,Rainy,12,0,59.061721523030165
2.51676970416967,Moderate,Stormy,25,0,43.05413018832763
11.015737378137038,Light,Sunny,28,1,47.69801072701527
5.315861036258841,Moderate,Sunny,10,0,24.13106420876054
4.90609307486922,Light,Rainy,25,0,38.874038726053655
6.467553610752631,Moderate,Stormy,29,1,62.69117170655913
1.0401086179131331,Moderate,Sunny,11,1,16.960295750534645
2.412258740694913,Moderate,Sunny,28,1,39.74842903839191
8.98738658890326,Moderate,Sunny,5,0,31.920785896123324
1.4521846811389545,Heavy,Sunny,22,1,34.14912458341128
7.436249258863464,Heavy,Sunny,28,1,69.1646855953803
3.321514761335191,Moderate,Sunny,29,0,38.403121887394384
4.97689956148273,Moderate,Sunny,24,0,38.6432855903528
3.8199779728630485,Moderate,Sunny,16,1,31.106191247417975
4.590236239346915,Light,Rainy,20,1,37.44690925821552
8.769027909618822,Light,Sunny,14,1,31.045146490179647
3.916899729666513,Light,Sunny,14,1,24.446786473683122
7.013653363414318,Moderate,Sunny,18,1,40.578307557009474
5.974579625289646,Moderate,Sunny,29,1,49.45488009338746
8.132218401670453,Light,Stormy,24,0,49.14988054641396
11.273542002234716,Heavy,Sunny,14,0,71.72034184380858
8.924579117917878,Heavy,Sunny,14,0,58.1761282702136
2.971814353793703,Moderate,Rainy,30,1,47.677060790346275
0.8586060532047737,Moderate,Sunny,29,1,36.131281457816065
3.5160365094479884,Heavy,Stormy,15,1,48.54065053126991
7.34339620305293,Light,Sunny,27,0,37.2901034963237
1.091396855068879,Moderate,Sunny,6,1,14.857166847885807
6.208211842814218,Light,Sunny,29,0,39.43127056454687
7.363692762544226,Moderate,Sunny,24,0,44.211067862195044
4.343804744395049,Light,Rainy,12,1,26.618045948781383
9.365490343076953,Heavy,Rainy,27,1,82.88025650068649
1.7258799110383758,Heavy,Sunny,11,1,25.501025148419647
1.3640844899618008,Light,Sunny,12,0,15.10194360641304
8.874170696341439,Moderate,Rainy,5,0,37.39642743982847
6.198150136371282,Heavy,Stormy,25,0,69.74836591853591
8.416627558918965,Moderate,Sunny,6,0,30.485461024661948
5.500514393943082,Heavy,Sunny,22,1,55.72343557575351
3.333623382249728,Moderate,Sunny,19,1,33.653566264036
9.919676653253298,Light,Rainy,5,1,32.840649896605136
9.693282608143262,Light,Sunny,9,0,23.63520801251297
8.489009414825908,Light,Sunny,6,1,22.2554893968899
3.629669078144571,Moderate,Rainy,24,0,38.1007455947503
7.287652668994502,Light,Sunny,7,1,20.65475006839433
4.651199814810308,Moderate,Sunny,23,0,36.4143578520866
1.5531938432562926,Moderate,Sunny,22,0,26.774198041755252
11.049106117815793,Moderate,Sunny,26,1,58.324304663618456
2.073414255568056,Heavy,Sunny,22,1,36.66884380559844
11.427729568939228,Heavy,Sunny,18,0,77.10109417510105
5.629066389016491,Moderate,Sunny,28,0,44.38857461691912
2.629028681644126,Heavy,Sunny,12,1,27.850634274627513
6.731860894851119,Moderate,Rainy,16,0,39.64384928192312
10.538877112578696,Moderate,Rainy,25,0,57.43929480023615
8.920586193709953,Heavy,Sunny,14,0,60.86148311343844
9.775453200406671,Light,Sunny,27,0,42.860799024939105
8.076008717173249,Light,Sunny,24,1,39.23142532640502
8.461180491955304,Heavy,Sunny,21,1,67.37830447705433
10.265749993001172,Moderate,Sunny,15,1,46.14031293102478
3.3711821018806383,Heavy,Rainy,6,1,30.237964398747078
6.128387081896116,Heavy,Sunny,30,0,62.223039066197
3.0439085809254256,Light,Sunny,30,0,35.11038381019248
11.85818209196144,Heavy,Sunny,8,0,73.11926763433651
11.356682406396052,Moderate,Rainy,5,0,45.78564744506323
0.9534083307378178,Moderate,Sunny,19,0,21.89787504489791
8.614114483930418,Moderate,Rainy,17,1,47.73473697953719
11.140355650280156,Heavy,Sunny,12,1,71.64310191391773
2.5766164689643354,Light,Rainy,29,0,37.52834571924043
7.0313701513552385,Moderate,Rainy,8,1,37.058790878424276
11.02811542226248,Moderate,Sunny,14,1,46.91596286602155
0.8903787537366867,Moderate,Sunny,23,1,29.97477559460947
8.520333073338659,Moderate,Sunny,22,1,48.61291590975225
3.9195135847843336,Light,Sunny,9,1,17.87463429607663
11.1305562468301,Light,Rainy,23,1,48.3597005722637
11.66716981940173,Light,Rainy,30,1,56.89982787180208
11.35906462480449,Heavy,Rainy,27,1,92.54192631647129
5.953463491560833,Light,Rainy,26,0,41.38210021857898
10.413490486377105,Light,Sunny,20,0,35.14570537890533
10.21231808315331,Heavy,Sunny,5,1,65.29092457284702
4.16965544229744,Light,Rainy,16,0,28.53498695991836
10.032527952732789,Heavy,Sunny,28,0,78.90050472455377
0.9255877992281651,Moderate,Rainy,6,1,17.981126649298222
7.35710360254361,Heavy,Sunny,25,0,62.7651113280317
3.145101628808585,Light,Sunny,29,1,38.158314352188185
1.8865191864387063,Light,Stormy,12,1,28.83584852294824
1.3849618187359054,Moderate,Sunny,22,1,28.32661738625471
8.507320922598607,Heavy,Stormy,29,0,85.49286445594382
4.408562083332761,Moderate,Stormy,20,0,45.67578530564754
8.834817872580757,Light,Rainy,9,1,30.311651032984766
1.2515979191878372,Moderate,Rainy,30,1,42.56019015448475
4.125838885052019,Moderate,Sunny,26,1,41.68693390943964
6.7041498623163776,Moderate,Rainy,17,0,41.39217323817394
9.593316395648081,Moderate,Sunny,23,0,47.298678012840085
4.165653783718804,Heavy,Sunny,7,1,31.608854822964393
7.697750829025605,Moderate,Rainy,30,0,55.98948280877772
10.688744104716152,Light,Sunny,12,1,32.59493170802731
7.582426664096502,Moderate,Sunny,30,0,53.516036876936255
3.1790339596667883,Light,Sunny,30,0,35.34980317511046
0.7806089879001872,Moderate,Sunny,16,0,17.653830265952507
10.506137049860694,Moderate,Rainy,6,0,44.224361456699796
0.744598224779452,Light,Sunny,15,1,21.89321723322312
10.559069235868293,Light,Stormy,16,1,47.81307382062984
6.582777041312938,Light,Rainy,22,0,36.57255039433634
11.299278532898306,Heavy,Rainy,17,1,84.40635774728746
9.686007211397152,Heavy,Sunny,9,0,59.779588886881335
11.976242271133382,Light,Rainy,26,1,51.71970802623644
4.533185877694667,Heavy,Sunny,16,0,40.22868244111546
9.322665322707959,Moderate,Rainy,6,1,44.05886072940752
5.122205506506285,Light,Sunny,9,1,22.057865971927946
6.018569633494952,Light,Rainy,11,1,29.100291296923274
7.716312827011256,Moderate,Stormy,30,1,66.5129864171304
10.547286813142895,Moderate,Sunny,30,1,63.572111008778506
11.816959895791895,Moderate,Sunny,28,1,62.48661362190972
9.33514425944196,Light,Rainy,16,1,39.38118702451742
5.304317994924339,Light,Sunny,20,1,30.76819128532662
5.345605526186307,Moderate,Rainy,27,1,51.677774861391455
8.982196468272251,Light,Sunny,12,0,25.676317398700878
3.245937176335477,Light,Sunny,13,1,23.442732769570554
1.7704523010110385,Light,Stormy,19,0,35.04086406981142
4.57815481286893,Heavy,Rainy,9,1,40.35068002679748
3.80324840402194,Heavy,Rainy,17,0,43.59299968834782
3.907543385243886,Moderate,Sunny,9,1,25.367159803471587
3.1864891370739645,Heavy,Rainy,15,0,37.94219174345199
0.9840716808181617,Light,Sunny,14,0,15.655475355341935
0.7055502494342588,Moderate,Rainy,24,0,31.556638704149037
11.858807481964362,Light,Rainy,17,1,43.72210999143444
5.419391037962417,Moderate,Sunny,13,0,27.603481940889345
4.91975644233634,Heavy,Sunny,25,0,52.48791904183836
8.315943750970304,Moderate,Sunny,18,1,44.598417974287635
3.009919710448238,Light,Rainy,22,1,33.1309363359381
11.424553615427591,Moderate,Sunny,19,0,50.50017735748505
9.542967665778848,Light,Rainy,14,0,33.39371604190423
1.5282265265909845,Heavy,Sunny,28,0,36.62733513790011
5.302178921526676,Moderate,Rainy,11,1,34.12913298704473
10.609860536964893,Moderate,Rainy,12,0,46.81707823419401
11.364418256351218,Moderate,Sunny,7,0,43.03159350141777
5.875117379373502,Moderate,Sunny,19,0,35.793363043804696
7.554230975923138,Light,Sunny,20,0,31.538781418191164
2.4208903800588653,Moderate,Rainy,8,1,23.849813398546235
11.89843920057523,Light,Rainy,25,0,48.15335206540596
3.164224565909599,Moderate,Sunny,10,0,18.551122814136505
11.341415402553945,Heavy,Rainy,5,0,74.6274210638949
7.9709364634122375,Heavy,Sunny,8,0,49.63356209945814
7.48897314110688,Moderate,Sunny,15,0,37.31133033229884
6.395917876689849,Moderate,Stormy,16,1,50.640572974749674
3.152702834754225,Light,Sunny,30,1,38.35421716445596
2.530072368063345,Moderate,Sunny,9,1,20.9996894261962
3.0355914043070165,Light,Sunny,27,1,34.92029823910763
2.644040014658927,Moderate,Sunny,25,1,37.176197739640415
9.465221446017663,Light,Sunny,20,0,34.113304683505326
4.526440480417396,Light,Sunny,17,1,26.994821068425466
1.1651907804790582,Moderate,Rainy,17,1,29.85614900316212
11.64468024661933,Light,Sunny,21,1,39.593772426977694
10.663537677079395,Moderate,Sunny,11,1,41.900763893084374
11.16915125674495,Light,Sunny,12,0,28.90608592593844
11.941439960434005,Light,Sunny,17,1,38.77811530965981
2.499795366024104,Moderate,Rainy,27,1,42.73014099614545
5.056783217380576,Light,Stormy,20,1,42.20233153431043
9.21974247059705,Light,Sunny,8,0,22.309490087294414
8.50423710761861,Moderate,Rainy,12,0,40.84239529135052
2.269802922908333,Light,Sunny,20,0,24.850297979616364
9.882080937392104,Heavy,Sunny,25,1,79.28946480686027
3.0810665761215974,Light,Sunny,14,0,20.59356965065209
3.0739025704601652,Light,Sunny,29,0,34.82381672492187
6.675205863274256,Moderate,Sunny,16,1,37.37508782508583
7.318809250679586,Light,Rainy,16,0,32.25858326756698
7.170991390134828,Light,Sunny,30,1,43.423361444586305
1.552098630074181,Light,Stormy,9,0,24.1268830369154
10.590799920249374,Light,Sunny,20,1,40.862852504380434
3.55440048977012,Heavy,Sunny,5,1,28.09946855315237
1.989421594752248,Light,Rainy,13,1,26.76677642236236
10.720602918493238,Moderate,Sunny,16,1,48.49950646102316
11.489992229642164,Heavy,Sunny,9,0,71.28605317236725
10.414467598552681,Moderate,Rainy,26,0,59.30089023373111
9.809434859336099,Heavy,Stormy,24,0,87.91113677362382
8.03528277734875,Light,Rainy,26,1,47.04895045194008
6.834859762005102,Heavy,Rainy,28,1,72.65492457430999
1.5003477389812165,Light,Rainy,7,0,16.635613108442808
5.197211950313035,Moderate,Stormy,9,1,39.02721192024521
4.785917945641611,Moderate,Sunny,6,0,19.853212364038022
3.4871685132437515,Light,Sunny,18,1,28.810386084277305
8.819331307418727,Moderate,Sunny,6,1,36.116589542777355
6.202570953405864,Moderate,Sunny,17,0,33.05389503448533
1.4320314829379512,Light,Rainy,11,0,21.20513239001556
3.0321068224228305,Light,Rainy,14,0,23.89646935995174
8.357475782085352,Moderate,Sunny,17,1,43.72249211564287
1.375504884138452,Moderate,Sunny,20,1,29.28733956357664
10.28887951156084,Heavy,Rainy,30,0,87.24745883453542
6.194185060660705,Moderate,Sunny,18,0,34.34478064692213
6.026745639256452,Heavy,Rainy,15,0,51.62853531862734
7.312689523584452,Moderate,Sunny,14,1,36.012423944350566
9.983831108139215,Light,Sunny,10,1,28.58881071885255
4.49980589087522,Light,Sunny,8,0,15.724759147175721
8.297185754429231,Moderate,Sunny,25,1,51.13461849486801
7.005917585951598,Moderate,Rainy,5,1,33.17785236624
3.5708251069483454,Light,Stormy,11,0,30.73616611020963
10.604244843084317,Light,Rainy,28,0,49.373650727990594
9.670399248479674,Heavy,Sunny,13,1,67.66996433009929
8.072196098571894,Moderate,Sunny,12,1,37.550561450049344
10.281689884583782,Moderate,Rainy,9,0,42.134071602810856
10.473883311037728,Moderate,Rainy,23,0,56.92023286139476
8.6461742322229,Light,Sunny,14,0,27.23470376807276
10.125653276182229,Light,Sunny,15,1,32.903179259711045
8.520921809196762,Light,Rainy,29,0,48.73991166403084
8.321618875243455,Light,Sunny,19,0,31.36086095745658
7.614030849474619,Moderate,Sunny,10,1,32.760775057817426
9.156241354912874,Moderate,Sunny,19,1,49.000643230927324
2.3239587108703477,Heavy,Sunny,9,0,21.208453886973928
10.630013730787677,Heavy,Rainy,23,0,81.96744531055425
10.526200569070168,Light,Stormy,26,1,55.892341232431065
0.8363437548974302,Moderate,Sunny,23,0,27.948888999526208
9.99689263149477,Moderate,Sunny,14,0,40.102315959936504
1.98200347594462,Heavy,Sunny,16,1,30.547746999466536
4.353866823980132,Light,Sunny,26,0,34.18218854907183
9.050344947353489,Moderate,Sunny,8,1,37.50295874347566
2.3487388045555444,Moderate,Rainy,22,1,37.64101613203445
9.906620777369215,Light,Sunny,20,0,33.56386806112425
10.069543046514031,Light,Sunny,12,0,26.69041715121292
6.335878938249616,Moderate,Sunny,8,1,29.414520735021505
0.5734375247435861,Moderate,Sunny,29,1,34.226700995336074
3.800938531511497,Light,Sunny,27,1,37.17671094537532
7.594659561321035,Moderate,Sunny,16,1,41.23164465070268
11.78364104731537,Light,Stormy,6,0,42.24324139935698
7.765855560691686,Moderate,Sunny,8,1,31.775679322413367
3.4877411822378375,Light,Sunny,9,0,17.21899335740144
7.791065585645531,Heavy,Rainy,7,0,53.51387285842732
6.709831866732338,Light,Stormy,13,0,35.660443734425506
9.468222044238152,Light,Sunny,25,0,40.72377632677958
1.7302773465100216,Light,Rainy,22,1,36.357007150974404
9.251820878773323,Light,Sunny,15,0,27.883901964376715
6.724565654775268,Moderate,Sunny,7,0,25.527590686115353
11.574408044378439,Light,Sunny,29,0,44.28871592403162
4.43152990944489,Heavy,Rainy,27,1,59.02756227625027
7.775151771040403,Light,Rainy,6,1,28.52575849242211
11.2183232133652,Light,Sunny,13,0,30.11522331180313
1.6788618718928114,Light,Sunny,18,0,20.763027524527338
11.278127603219188,Light,Rainy,8,0,31.017991731537727
8.410685806459353,Light,Sunny,13,1,29.984921244713238
1.280126179709477,Moderate,Sunny,17,1,26.334967598348346
3.961081019888387,Moderate,Rainy,22,1,41.36623543677191
8.643979019420739,Moderate,Rainy,19,1,51.76016454029389
1.2745319168908744,Moderate,Rainy,14,0,21.79661994717186
7.194960292027143,Moderate,Rainy,20,1,48.95190823464417
4.4776551549590025,Light,Sunny,16,1,26.554441125396302
7.640528454325986,Moderate,Rainy,24,0,49.40857716881768
1.0260333888438977,Heavy,Rainy,9,0,19.410844638557116
10.522673270752327,Moderate,Sunny,6,1,41.98801219267536
11.695123145540064,Moderate,Sunny,14,1,49.757558419918304
11.642095335785452,Light,Sunny,5,0,27.628865604689565
9.120996065043634,Moderate,Sunny,11,1,39.182314280147345
1.9959917615022675,Moderate,Rainy,30,1,44.72794647236684
9.22002675318376,Moderate,Rainy,21,0,50.24183140387327
0.7827495392762174,Heavy,Sunny,20,0,26.741722879627154
0.7544208425834684,Light,Sunny,28,0,29.232870533258854
4.221517520219724,Light,Stormy,7,1,28.909548315482915
6.119396689653656,Moderate,Sunny,18,0,34.176899310863156
9.359685304789622,Heavy,Sunny,14,0,63.971294023277814
8.35789683097481,Light,Sunny,26,1,43.08827666520321
5.627881123332606,Light,Sunny,11,1,22.66755681135531
3.6467066622391577,Light,Sunny,30,0,37.357489152484355
11.966931751813679,Light,Sunny,21,0,39.43308041690058
5.4010849757136885,Moderate,Sunny,10,0,25.51611775699564
5.690950779791268,Moderate,Sunny,27,1,46.17963284989649
2.381673943704196,Light,Sunny,26,1,33.18019449197707
9.640309810624188,Light,Sunny,8,0,24.474509644552654
8.477345596487119,Light,Rainy,21,1,42.162290428945866
3.0388505470707443,Light,Rainy,13,1,28.692700417356978
1.4473820245821911,Moderate,Sunny,8,1,15.05179743965388
8.3257419738592,Heavy,Sunny,11,1,58.99789632110531
8.026878964233056,Heavy,Rainy,27,0,73.34415113093681
3.6424845604794074,Light,Sunny,6,0,12.544263501111452
11.434930965879719,Heavy,Sunny,21,1,83.96520983466323
2.2371657554803526,Moderate,Rainy,28,1,42.77586829946369
5.471850211989922,Moderate,Rainy,12,1,36.80993294435203
11.351583081927387,Moderate,Rainy,27,0,60.260635480907126
5.326864144650407,Light,Sunny,19,1,30.450694835074646
7.843048398136983,Light,Rainy,19,1,38.86992688597619
5.072335576572134,Light,Sunny,12,0,19.050657217892113
3.6534748270097053,Light,Rainy,20,0,31.046048912815024
11.815742951538025,Light,Sunny,23,1,44.90041981839645
5.207341072622995,Moderate,Sunny,15,1,33.950040430224014
10.782140842310046,Moderate,Rainy,6,0,45.05658378951657
3.144477967747491,Moderate,Sunny,27,1,39.135728369959836
2.950704096288458,Light,Sunny,28,0,33.618030336480544
0.8580419531718806,Heavy,Stormy,21,0,38.44881713883713
7.994168491822678,Heavy,Sunny,30,1,75.72666536672232
4.738052952823253,Moderate,Sunny,20,1,37.785396498384905
10.440119873155826,Heavy,Sunny,29,1,86.14868057462597
5.941913926952907,Moderate,Rainy,19,1,43.28939976099442
11.6342244210193,Heavy,Rainy,17,0,80.98354092610519
2.633543430585893,Light,Sunny,19,1,26.742513180405652
10.489166431489524,Light,Rainy,8,0,30.858733101658604
9.43086380710503,Light,Sunny,20,0,34.848494309821
9.365601213406599,Light,Rainy,16,0,36.20164013743356
10.215007123344208,Light,Sunny,8,0,25.46489840301072
9.251775895844487,Moderate,Sunny,7,0,34.32251801294063
7.701533698761277,Moderate,Stormy,26,0,59.475355269729775
2.009316093347457,Moderate,Sunny,21,0,26.78868917330495
0.874051064149397,Light,Sunny,26,0,27.333241274732174
11.0897502498804,Heavy,Sunny,22,1,80.63690336208651
7.591478616988487,Moderate,Stormy,29,0,61.346354190772736
9.660178846226028,Light,Sunny,22,0,37.38380299183327
6.037507042394326,Moderate,Sunny,27,1,46.736107153881456
1.8490441730675364,Light,Sunny,21,1,27.92481657179131
1.93963661032933,Light,Sunny,16,1,23.759508006286552
8.384000803133171,Heavy,Sunny,27,0,70.77605354421384
5.448517791343821,Light,Rainy,25,1,41.266332767369065
2.806034357053872,Moderate,Stormy,28,0,49.404990059075864
6.153337287526524,Heavy,Sunny,8,0,41.140170018489165
1.238402776364042,Moderate,Sunny,16,0,19.13953347238251
7.192671122015586,Light,Sunny,30,1,44.033609546061285
3.593424151003623,Light,Sunny,27,0,34.365621460591406
9.671929657327663,Light,Rainy,26,0,45.78072518529653
4.069162527621098,Moderate,Sunny,25,0,34.52281112546785
5.735031714440714,Moderate,Sunny,24,1,42.2408022213908
0.6336362089431573,Light,Rainy,19,1,29.16306651570567
1.333139209637427,Heavy,Sunny,27,0,33.55597896628803
5.013675898676875,Moderate,Rainy,20,1,42.32268060187051
6.01929659924692,Light,Sunny,9,1,22.200183316599144
7.400236303371993,Moderate,Rainy,25,1,55.498878444936786
3.854119655156987,Moderate,Stormy,19,0,41.88442197338665
8.49229169045524,Light,Rainy,21,1,43.80144183382831
10.391407567675852,Light,Stormy,22,0,51.39238705949
9.468286372273523,Heavy,Sunny,9,1,62.74402790299321
0.9556164915061072,Moderate,Sunny,17,0,20.80758213096169
6.0258298934650325,Moderate,Rainy,23,0,42.944901770908714
1.706697051809011,Moderate,Sunny,17,0,22.966505082179655
3.283517682419066,Light,Sunny,22,1,32.276665350497
11.846619822572183,Light,Sunny,18,0,35.97806543906853
2.138698743367402,Moderate,Sunny,8,1,19.89074855256519
6.237213764690595,Light,Sunny,8,0,18.841421382621913
7.608790944658369,Light,Sunny,24,1,40.02493233746084
8.578347161257195,Heavy,Rainy,24,1,77.82125040394209
6.935959860099512,Heavy,Sunny,23,1,62.79060754616241
0.612364745320612,Moderate,Sunny,17,1,20.623832428251063
4.254305044805907,Heavy,Sunny,16,1,41.44255847435141
6.453683898924181,Light,Sunny,11,0,22.490472841698676
1.5104647401655835,Heavy,Rainy,29,1,45.30515095033624
4.532209708905579,Light,Sunny,16,0,23.302909475587096
0.8818357511007155,Heavy,Sunny,25,1,32.899615871644535
1.4036527172827387,Heavy,Rainy,8,1,26.358332290306773
5.064617676318354,Moderate,Sunny,6,0,22.052083122898473
2.026231171495194,Heavy,Sunny,6,0,16.32833620919505
7.026719755007918,Moderate,Sunny,9,0,28.697838153609986
8.428847145078556,Light,Stormy,27,1,54.95704584114907
9.706747039754452,Moderate,Sunny,14,1,44.74075682398313
2.801727808815316,Moderate,Sunny,14,1,26.406244492514762
2.426049695979302,Light,Sunny,13,1,21.80521713382346
1.702530163845603,Moderate,Sunny,17,1,26.32659808026028
7.818947869751822,Heavy,Sunny,11,0,54.34290346993765
8.624470854599362,Light,Sunny,9,0,21.391314265612344
0.8632406654948834,Moderate,Sunny,30,1,35.06835200246998
11.266440831802432,Heavy,Stormy,14,1,86.88977159158279
1.0976697619919327,Heavy,Rainy,14,1,27.464267334879075
6.724907855962311,Heavy,Sunny,10,0,43.40107332404404
8.654195973685539,Moderate,Rainy,23,0,50.845762716331855
10.516144923079985,Heavy,Sunny,25,0,78.07918150689149
8.71199971952292,Moderate,Sunny,12,0,35.045061157590446
9.719872955302606,Light,Rainy,5,0,29.845914043171664
4.40367721424227,Moderate,Rainy,21,1,41.619518784514256
9.870488808084891,Moderate,Rainy,11,0,42.878575878471636
1.421320733423764,Light,Sunny,18,1,25.440934630631155
10.790391544696067,Moderate,Stormy,25,0,65.72031115321619
6.797312325767967,Moderate,Sunny,25,1,47.180358641322705
9.898924354568678,Light,Rainy,21,0,41.62021105667181
5.701660271960452,Moderate,Stormy,13,0,39.110815317355375
7.901143494760037,Moderate,Sunny,21,0,40.47411331721592
6.553630600765302,Moderate,Rainy,9,1,36.147702114818124
8.913279500186317,Light,Sunny,30,1,47.827136760835195
1.43874479335178,Light,Sunny,29,0,34.136012637278974
1.1940489658914837,Light,Sunny,24,0,26.877525386750545
3.341687191116684,Heavy,Sunny,12,1,34.161843160486185
2.334763821301666,Light,Stormy,10,0,26.166587259088427
10.52551101581032,Moderate,Rainy,15,0,49.08457630332433
3.0209608546175097,Light,Sunny,23,1,33.51744047239875
11.72245044192001,Light,Rainy,8,1,35.50988824248238
4.374301605367728,Heavy,Stormy,22,0,57.46009634862503
2.594356030420042,Moderate,Sunny,5,0,14.984686650386276
9.58153283213851,Light,Stormy,17,1,47.5794414974888
8.075139418260076,Moderate,Sunny,18,0,41.96894102743944
6.229250739211098,Light,Rainy,28,0,42.34090891493454
6.88668083578276,Moderate,Sunny,5,1,29.260003514654223
8.770820450131033,Moderate,Sunny,15,1,42.68849069073452
3.1272295253099354,Light,Sunny,21,0,24.28561943708754
11.957840034652532,Light,Rainy,8,1,37.03063825531588
11.710121364688007,Light,Sunny,30,1,50.26569968576674
7.978745392989774,Heavy,Sunny,16,0,58.034942858700994
2.794738185685169,Heavy,Sunny,14,1,33.45763356153731
8.32262478795985,Light,Stormy,10,0,35.30861613736872
1.330281703260522,Moderate,Sunny,29,0,34.33604659346348
0.8525037753667697,Light,Sunny,5,1,10.563456023806374
3.4633532178789572,Light,Sunny,11,0,18.18916030328524
5.820164002502137,Moderate,Sunny,30,0,46.37402140923772
10.485133812196375,Heavy,Rainy,25,0,83.90293846089648
8.862444302312543,Heavy,Rainy,20,0,70.40112665039281
9.041124993799782,Moderate,Sunny,28,1,57.05302046126785
5.393173346152866,Light,Sunny,18,1,29.84497080184721
4.478252414290074,Moderate,Rainy,27,1,49.299017750923866
4.766945774322931,Light,Sunny,24,0,30.732252774309014
11.857969982964665,Moderate,Rainy,24,0,60.20612450029852
0.9612557012435485,Light,Rainy,10,0,18.071634964917216
10.470862205408158,Moderate,Rainy,26,0,59.554532007694526
7.154767198582524,Light,Sunny,29,0,39.84897334980571
5.54407732068029,Light,Sunny,9,1,22.373529074255078
8.84046309477407,Heavy,Stormy,28,1,88.44867258357523
6.096692826384083,Light,Sunny,25,1,38.07903641569271
10.544367237939097,Moderate,Rainy,22,0,57.236357458230366
10.858071436129473,Light,Sunny,19,1,40.67476521383709
5.3497906590447375,Light,Rainy,10,0,25.276096759294752
3.6835196682030933,Light,Sunny,29,0,35.02214254527854
7.312028778823666,Light,Sunny,23,1,39.260024346490546
10.992178474591945,Heavy,Sunny,5,1,69.504118019783
2.9226151735651658,Light,Rainy,5,0,14.301662975211777
7.664115710980052,Heavy,Rainy,17,0,59.27668733071509
7.762942531063986,Moderate,Sunny,7,0,30.619461313728884
8.93079975777573,Moderate,Sunny,14,1,41.21333151145184
2.0130283789634875,Moderate,Rainy,25,0,36.18786234071655
8.731987093844019,Moderate,Sunny,7,1,35.02482919591019
10.953873987654871,Moderate,Sunny,13,0,43.613392575739
2.566355752007783,Light,Sunny,12,0,16.319918622173866
3.231748236624593,Light,Sunny,7,0,11.348900570306466
11.671043581478855,Heavy,Sunny,29,1,92.76372221483949
2.5812349561591326,Heavy,Sunny,17,0,29.5756941542318
10.32542857375016,Heavy,Sunny,10,1,65.70275428638531
6.1611953491524005,Moderate,Sunny,17,1,35.65866660713626
3.343157355636536,Moderate,Sunny,27,1,38.901977306682845
10.513623864633882,Moderate,Sunny,24,1,56.434496172353924
5.621010432530653,Moderate,Sunny,24,1,41.374931503777994
6.420399570191437,Light,Rainy,16,1,33.264229656453956
4.631183748097305,Moderate,Sunny,17,1,33.72395617884408
7.318934791501666,Light,Sunny,6,0,18.021836603510945
2.380524534727762,Light,Sunny,25,0,31.419991965967288
4.997437671495248,Heavy,Sunny,28,0,56.02098241036043
11.648241706855806,Light,Sunny,27,0,43.90554559512121
3.468534476062967,Light,Sunny,20,0,26.55182726393415
8.05247164222486,Light,Rainy,27,1,48.84484172168325
4.239685738583991,Heavy,Sunny,10,0,31.770537264438914
9.394940945395907,Moderate,Stormy,23,0,59.307102559346994
2.005047098261023,Moderate,Sunny,25,1,34.78102589010104
11.652942018403264,Heavy,Sunny,17,0,76.55798209793835
5.718579725911852,Heavy,Sunny,21,0,50.38587732162512
3.2145803284843355,Light,Sunny,27,0,33.071312541181925
1.3452125942951456,Moderate,Sunny,13,0,16.800631641933585
2.4522159085067186,Moderate,Rainy,21,0,32.321852450878595
6.477400408394203,Moderate,Sunny,6,1,27.927724440568962
4.375536528959792,Light,Stormy,23,1,46.186742694270976
10.032158707650009,Heavy,Rainy,23,0,78.38543494265598
5.455206522110768,Moderate,Sunny,28,0,44.32983582936351
3.3602141347577437,Light,Sunny,11,0,15.068227216275071
7.597167345946346,Moderate,Sunny,26,1,49.97840833458271
8.627937994182627,Light,Sunny,14,0,27.166222175425375
2.4209819408609237,Light,Sunny,14,0,17.8499902821878
2.4276209873156533,Moderate,Sunny,24,1,34.343858932962135
0.9217214097357442,Light,Sunny,13,0,17.198353312327587
8.968623173254866,Moderate,Sunny,21,0,44.826281088353944
8.133752067650757,Moderate,Stormy,19,0,55.914327181069915
5.95825507112286,Light,Rainy,6,1,24.51701408214797
10.207960163145767,Heavy,Stormy,8,1,77.83981611618658
9.765206758925611,Light,Sunny,23,1,42.03813808624055
7.2315751905626495,Light,Sunny,21,0,34.94339602366217
10.485119725902475,Light,Sunny,9,1,28.670694338234494
2.867173915422835,Light,Sunny,11,1,18.508312519272494
1.7870756230738705,Light,Sunny,22,1,28.31852270065445
3.6021205324453804,Moderate,Rainy,25,0,40.54174135262036
1.1564988450271207,Heavy,Rainy,26,1,39.60298305412412
6.608449572011868,Light,Sunny,11,0,21.538506623015696
11.270965461392057,Moderate,Sunny,21,0,53.44889595148871
0.9524507176878609,Moderate,Sunny,11,1,18.16587728532073
1.9042640111153082,Heavy,Sunny,8,0,18.304805157045877
5.700288825259506,Moderate,Sunny,12,1,30.93060205000147
11.239562701570907,Light,Sunny,17,0,35.08348199481367
4.135795207232631,Light,Sunny,8,1,17.62971232517694
6.333200299916513,Moderate,Stormy,10,1,45.06604471237884
0.9780878790795091,Heavy,Sunny,29,1,40.36292265827508
2.205946811064022,Light,Rainy,9,0,18.43331420659398
11.846246414026739,Light,Sunny,16,0,34.04707974812186
11.598865009014524,Heavy,Sunny,8,1,75.1238498623287
0.5568097807457106,Heavy,Sunny,28,0,32.90111979718571
11.445835532367248,Heavy,Sunny,13,1,74.3810193520715
7.849879284878254,Moderate,Sunny,8,1,32.697126178941886
10.481060386980253,Light,Rainy,23,0,42.77037952256827
5.72950833978938,Moderate,Rainy,28,0,49.53496695537802
6.429354328661378,Moderate,Sunny,18,0,36.64012331112293
6.121735672954582,Light,Sunny,9,1,20.965373731193324
8.1689389617802,Moderate,Stormy,22,0,56.11079995428357
2.1059894296975985,Moderate,Sunny,14,0,19.212558176820313
0.8446962835357965,Light,Sunny,29,0,30.317562838047714
4.041194328298696,Moderate,Sunny,23,1,38.71977008693486
8.603828771471438,Moderate,Rainy,16,0,43.980625890006316
2.821314699413906,Heavy,Stormy,22,0,48.91860012901379
8.244472983236548,Light,Sunny,21,1,35.744729367913315
11.65398853023361,Light,Rainy,28,1,54.46873369326106
1.5798582315783114,Moderate,Rainy,15,1,28.62655241152209
8.234924359588952,Light,Sunny,7,0,20.034859212980322
5.603127522002568,Moderate,Sunny,27,0,42.60324236040431
10.483635925341313,Moderate,Sunny,21,1,53.35709372340451
2.537222578644938,Light,Stormy,5,0,20.838732364339368
8.46519845060089,Moderate,Sunny,19,1,44.37186136558458
10.138325830953267,Moderate,Rainy,13,1,51.07075462640344
11.363063523951267,Light,Sunny,19,0,35.72953876977955
8.357352325330927,Heavy,Rainy,28,1,79.52429561648097
6.217509786096914,Heavy,Sunny,7,1,43.84708905694876
7.605243262313959,Moderate,Sunny,26,0,50.60689740007934
10.49240732150526,Moderate,Rainy,23,1,58.955468878885014
7.062012086346542,Moderate,Rainy,17,0,42.093539121681374
0.8494511865136238,Heavy,Rainy,16,0,25.573681694734557
11.205909998330245,Moderate,Sunny,24,0,54.04481209101514
8.429557636862953,Moderate,Rainy,5,1,39.126195471699845
8.279903936438334,Heavy,Sunny,25,1,70.10506087184861
2.9802642525737477,Light,Sunny,21,1,29.750289161921536
8.077182907675557,Heavy,Sunny,17,0,57.23449916763657
5.029440665022823,Light,Sunny,5,1,17.689202124144735
7.989179235977159,Light,Sunny,14,0,26.559421035840487
1.7258198485418932,Light,Stormy,19,1,38.407615554801765
8.065221002934916,Heavy,Sunny,11,0,52.18252524284574
11.993257846362665,Heavy,Rainy,26,0,92.07881561145608
1.0544384468963943,Moderate,Sunny,22,0,26.071281404973806
11.737503118545149,Moderate,Sunny,20,1,54.322957600553366
5.179441548313012,Moderate,Sunny,18,0,32.31573525313301
10.51366467887848,Heavy,Stormy,22,1,90.6292564676691
9.497433066670144,Moderate,Rainy,11,0,41.18265448541816
7.02068700134668,Light,Stormy,21,0,41.99995104131357
8.992165906390255,Light,Stormy,22,0,49.28804549468197
10.6029289549655,Moderate,Sunny,16,1,47.80519368795515
5.147613698986879,Moderate,Sunny,12,1,31.25307622048891
4.2608813579772455,Light,Rainy,26,0,39.20446147688153
8.177323933981224,Light,Sunny,6,0,19.339577735038446
9.790228332324475,Heavy,Sunny,11,0,60.2543395592425
9.26627904993108,Light,Sunny,8,1,29.29957267919028
9.674856961874296,Moderate,Sunny,22,0,50.292548321275284
5.509208120348729,Heavy,Sunny,10,1,42.234890413229486
9.905093486012749,Moderate,Sunny,13,1,43.906819909491006
1.882404136761997,Light,Sunny,13,0,16.079815553990088
6.76162462654977,Moderate,Sunny,18,0,37.28304172829173
0.566224595728398,Heavy,Sunny,12,1,18.636590061748652
4.232737043853108,Moderate,Sunny,23,1,36.64207203147382
4.714307651021076,Heavy,Rainy,7,0,35.43855477463517
5.055985953506437,Light,Sunny,22,0,30.30171252089986
8.497872876933414,Moderate,Sunny,9,0,31.303317159601622
4.968418164608976,Moderate,Rainy,18,0,37.04934648965416
5.659976660159103,Heavy,Sunny,8,0,36.45162132776902
3.231757505054766,Light,Sunny,11,0,15.871376884776868
4.792395603737411,Heavy,Rainy,24,1,58.50683914924974
3.113600713526242,Moderate,Sunny,29,0,38.467386431349375
1.3417531233371018,Light,Rainy,16,0,23.922460076292083
7.439658823885846,Light,Rainy,6,0,24.73414515039668
8.184447183382687,Heavy,Rainy,15,1,66.2302223975961
7.624138979110567,Light,Sunny,18,1,34.92532342117058
5.830181503706582,Light,Sunny,26,0,34.93560210302234
4.8675364720611425,Light,Sunny,27,0,34.57961754124053
10.428336970075991,Heavy,Sunny,20,1,75.75770906279165
